ID,CREATE_DATE,UPDATE_DATE,CREATE_USER,UPDATE_USER,CODE,NAME,INFO,ISACTIVE,FUNDING_TYPE,CARD_TYPE,BANK_NAME,COUNTRY_ID,BANK_ID
1,2010-09-01,2010-09-01,tekir,tekir,444676,NULL,Ziraat Bankası,TRUE,0,0,T.C. ZIRAAT BANKASI,1,3
2,2010-09-01,2010-09-01,tekir,tekir,444677,NULL,Ziraat Bankası,TRUE,0,0,T.C. ZIRAAT BANKASI,1,3
3,2010-09-01,2010-09-01,tekir,tekir,444678,NULL,Ziraat Bankası,TRUE,0,0,T.C. ZIRAAT BANKASI,1,3
4,2010-09-01,2010-09-01,tekir,tekir,454674,NULL,Ziraat Bankası,TRUE,0,0,T.C. ZIRAAT BANKASI,1,3
5,2010-09-01,2010-09-01,tekir,tekir,415514,NULL,NULL,TRUE,0,0,HALKBANK,1,4
6,2010-09-01,2010-09-01,tekir,tekir,420578,NULL,NULL,TRUE,0,0,HALKBANK,1,4
7,2010-09-01,2010-09-01,tekir,tekir,447505,NULL,Halkbank,TRUE,0,0,HALKBANK,1,4
8,2010-09-01,2010-09-01,tekir,tekir,492094,NULL,NULL,TRUE,0,0,HALKBANK,1,4
9,2010-09-01,2010-09-01,tekir,tekir,492095,NULL,NULL,TRUE,0,0,HALKBANK,1,4
10,2010-09-01,2010-09-01,tekir,tekir,498850,NULL,NULL,TRUE,0,0,HALKBANK,1,4
11,2010-09-01,2010-09-01,tekir,tekir,498851,NULL,NULL,TRUE,0,0,HALKBANK,1,4
12,2010-09-01,2010-09-01,tekir,tekir,498852,NULL,NULL,TRUE,0,0,HALKBANK,1,4
13,2010-09-01,2010-09-01,tekir,tekir,510056,NULL,NULL,TRUE,0,0,HALKBANK,1,4
14,2010-09-01,2010-09-01,tekir,tekir,510164,NULL,NULL,TRUE,0,0,HALKBANK,1,4
15,2010-09-01,2010-09-01,tekir,tekir,521378,NULL,NULL,TRUE,0,0,HALKBANK,1,4
16,2010-09-01,2010-09-01,tekir,tekir,540284,NULL,NULL,TRUE,0,0,HALKBANK,1,4
17,2010-09-01,2010-09-01,tekir,tekir,540435,NULL,NULL,TRUE,0,0,HALKBANK,1,4
18,2010-09-01,2010-09-01,tekir,tekir,543039,NULL,NULL,TRUE,0,0,HALKBANK,1,4
19,2010-09-01,2010-09-01,tekir,tekir,543081,NULL,NULL,TRUE,0,0,HALKBANK,1,4
20,2010-09-01,2010-09-01,tekir,tekir,552879,NULL,NULL,TRUE,0,0,HALKBANK,1,4
21,2010-09-01,2010-09-01,tekir,tekir,402940,NULL,Tcdd,TRUE,0,0,T.VAKIFLAR BANKASI T.A.O.,1,6
22,2010-09-01,2010-09-01,tekir,tekir,409084,NULL,Fenerbahıe,TRUE,0,0,T.VAKIFLAR BANKASI T.A.O.,1,6
23,2010-09-01,2010-09-01,tekir,tekir,411724,NULL,Visa Polisnom,TRUE,0,0,T.VAKIFLAR BANKASI T.A.O.,1,6
24,2010-09-01,2010-09-01,tekir,tekir,411942,NULL,Visa Akıaabat,TRUE,0,0,T.VAKIFLAR BANKASI T.A.O.,1,6
25,2010-09-01,2010-09-01,tekir,tekir,411943,NULL,Visa Trabzon,TRUE,0,0,T.VAKIFLAR BANKASI T.A.O.,1,6
26,2010-09-01,2010-09-01,tekir,tekir,411944,NULL,Visa ııretmen,TRUE,0,0,T.VAKIFLAR BANKASI T.A.O.,1,6
27,2010-09-01,2010-09-01,tekir,tekir,411979,NULL,Visa Platinium,TRUE,0,0,T.VAKIFLAR BANKASI T.A.O.,1,6
28,2010-09-01,2010-09-01,tekir,tekir,416757,NULL,Visa Beyoılum,TRUE,0,0,T.VAKIFLAR BANKASI T.A.O.,1,6
29,2010-09-01,2010-09-01,tekir,tekir,428945,NULL,Visa Business,TRUE,0,0,T.VAKIFLAR BANKASI T.A.O.,1,6
30,2010-09-01,2010-09-01,tekir,tekir,493841,NULL,Classic,TRUE,0,0,T.VAKIFLAR BANKASI T.A.O.,1,6
31,2010-09-01,2010-09-01,tekir,tekir,493846,NULL,Premier,TRUE,0,0,T.VAKIFLAR BANKASI T.A.O.,1,6
32,2010-09-01,2010-09-01,tekir,tekir,520017,NULL,Master Gs,TRUE,0,0,T.VAKIFLAR BANKASI T.A.O.,1,6
33,2010-09-01,2010-09-01,tekir,tekir,540045,NULL,Gold,TRUE,0,0,T.VAKIFLAR BANKASI T.A.O.,1,6
34,2010-09-01,2010-09-01,tekir,tekir,540046,NULL,Telekom,TRUE,0,0,T.VAKIFLAR BANKASI T.A.O.,1,6
35,2010-09-01,2010-09-01,tekir,tekir,542119,NULL,Classic,TRUE,0,0,T.VAKIFLAR BANKASI T.A.O.,1,6
36,2010-09-01,2010-09-01,tekir,tekir,542798,NULL,Bjk Classic,TRUE,0,0,T.VAKIFLAR BANKASI T.A.O.,1,6
37,2010-09-01,2010-09-01,tekir,tekir,542804,NULL,Bjk Gold,TRUE,0,0,T.VAKIFLAR BANKASI T.A.O.,1,6
38,2010-09-01,2010-09-01,tekir,tekir,547244,NULL,Cooperation,TRUE,0,0,T.VAKIFLAR BANKASI T.A.O.,1,6
39,2010-09-01,2010-09-01,tekir,tekir,552101,NULL,Platinium,TRUE,0,0,T.VAKIFLAR BANKASI T.A.O.,1,6
40,2010-09-01,2010-09-01,tekir,tekir,402458,NULL,Visa Bonus Plus  Teb,TRUE,0,0,TEB,1,10
41,2010-09-01,2010-09-01,tekir,tekir,402459,NULL,Visa Bonus Premium  Teb,TRUE,0,0,TEB,1,10
42,2010-09-01,2010-09-01,tekir,tekir,406015,NULL,Visa Bonus Plus  Teb,TRUE,0,0,TEB,1,10
43,2010-09-01,2010-09-01,tekir,tekir,440293,NULL,Visa Bonus  Teb,TRUE,0,0,TEB,1,10
44,2010-09-01,2010-09-01,tekir,tekir,510221,NULL,Mastercard Bonus Sanal  Teb,TRUE,0,0,TEB,1,10
45,2010-09-01,2010-09-01,tekir,tekir,512803,NULL,Mastercard Bonus  Teb,TRUE,0,0,TEB,1,10
46,2010-09-01,2010-09-01,tekir,tekir,524839,NULL,Mastercard Bonus Plus  Teb,TRUE,0,0,TEB,1,10
47,2010-09-01,2010-09-01,tekir,tekir,524840,NULL,Mastercard Bonus Premium  Teb,TRUE,0,0,TEB,1,10
48,2010-09-01,2010-09-01,tekir,tekir,528920,NULL,Mastercard Bonus Platinum Teb,TRUE,0,0,TEB,1,10
49,2010-09-01,2010-09-01,tekir,tekir,553090,NULL,Mastercard Bonus Business  Teb,TRUE,0,0,TEB,1,10
50,2010-09-01,2010-09-01,tekir,tekir,413152,NULL,Axess Fish,TRUE,0,0,AKBANK T.A.S.,1,11
51,2010-09-01,2010-09-01,tekir,tekir,413252,NULL,Axess Visa Platinum,TRUE,0,0,AKBANK T.A.S.,1,11
52,2010-09-01,2010-09-01,tekir,tekir,425669,NULL,Wings Visa Business,TRUE,0,0,AKBANK T.A.S.,1,11
53,2010-09-01,2010-09-01,tekir,tekir,432071,NULL,Visa Wings,TRUE,0,0,AKBANK T.A.S.,1,11
54,2010-09-01,2010-09-01,tekir,tekir,432072,NULL,Visa Wings (Black),TRUE,0,0,AKBANK T.A.S.,1,11
55,2010-09-01,2010-09-01,tekir,tekir,435508,NULL,Axess Visa Klasik,TRUE,0,0,AKBANK T.A.S.,1,11
56,2010-09-01,2010-09-01,tekir,tekir,435509,NULL,Axess Visa Gold,TRUE,0,0,AKBANK T.A.S.,1,11
57,2010-09-01,2010-09-01,tekir,tekir,512754,NULL,Master Wings,TRUE,0,0,AKBANK T.A.S.,1,11
58,2010-09-01,2010-09-01,tekir,tekir,520932,NULL,Axess Master,TRUE,0,0,AKBANK T.A.S.,1,11
59,2010-09-01,2010-09-01,tekir,tekir,521807,NULL,Axess Platin,TRUE,0,0,AKBANK T.A.S.,1,11
60,2010-09-01,2010-09-01,tekir,tekir,524347,NULL,Master Wings (Black),TRUE,0,0,AKBANK T.A.S.,1,11
61,2010-09-01,2010-09-01,tekir,tekir,552608,NULL,Biz Card (Yurtiıi),TRUE,0,0,AKBANK T.A.S.,1,11
62,2010-09-01,2010-09-01,tekir,tekir,552609,NULL,Biz Card (Enternasyonal),TRUE,0,0,AKBANK T.A.S.,1,11
63,2010-09-01,2010-09-01,tekir,tekir,553056,NULL,Wings Master Business,TRUE,0,0,AKBANK T.A.S.,1,11
64,2010-09-01,2010-09-01,tekir,tekir,557113,NULL,Axess Klasik,TRUE,0,0,AKBANK T.A.S.,1,11
65,2010-09-01,2010-09-01,tekir,tekir,557829,NULL,Axess Gold,TRUE,0,0,AKBANK T.A.S.,1,11
66,2010-09-01,2010-09-01,tekir,tekir,411156,NULL,Visa Bonus Classic ıekerbank,TRUE,0,0,SEKERBANK T.A.S.,1,12
67,2010-09-01,2010-09-01,tekir,tekir,411157,NULL,Visa Bonus Gold ıekerbank,TRUE,0,0,SEKERBANK T.A.S.,1,12
68,2010-09-01,2010-09-01,tekir,tekir,411158,NULL,Visa Bonus Platinum ıekerbank,TRUE,0,0,SEKERBANK T.A.S.,1,12
69,2010-09-01,2010-09-01,tekir,tekir,411159,NULL,Visa Bonus Business ıekerbank,TRUE,0,0,SEKERBANK T.A.S.,1,12
70,2010-09-01,2010-09-01,tekir,tekir,521394,NULL,Mastercard Bonus Platinum ıekerbank,TRUE,0,0,SEKERBANK T.A.S.,1,12
71,2010-09-01,2010-09-01,tekir,tekir,530866,NULL,Mastercard Bonus Gold ıekerbank,TRUE,0,0,SEKERBANK T.A.S.,1,12
72,2010-09-01,2010-09-01,tekir,tekir,547311,NULL,Mastercard Bonus Business  ıekerbank,TRUE,0,0,SEKERBANK T.A.S.,1,12
73,2010-09-01,2010-09-01,tekir,tekir,549208,NULL,Mastercard Bonus Standart ıekerbank,TRUE,0,0,SEKERBANK T.A.S.,1,12
74,2010-09-01,2010-09-01,tekir,tekir,374424,AMEX,Amex     Amex Blue Prive    ,TRUE,0,0,T.GARANTI BANKASI A.S.,1,13
75,2010-09-01,2010-09-01,tekir,tekir,375622,AMEX,Amex     Amexe   ,TRUE,0,0,T.GARANTI BANKASI A.S.,1,13
76,2010-09-01,2010-09-01,tekir,tekir,375623,AMEX,Amex     Amexg   ,TRUE,0,0,T.GARANTI BANKASI A.S.,1,13
77,2010-09-01,2010-09-01,tekir,tekir,375624,AMEX,Amex     Amexp   ,TRUE,0,0,T.GARANTI BANKASI A.S.,1,13
78,2010-09-01,2010-09-01,tekir,tekir,375625,AMEX,Amex     Amxbe   ,TRUE,0,0,T.GARANTI BANKASI A.S.,1,13
79,2010-09-01,2010-09-01,tekir,tekir,375626,AMEX,Amex     Amxbg   ,TRUE,0,0,T.GARANTI BANKASI A.S.,1,13
80,2010-09-01,2010-09-01,tekir,tekir,375627,AMEX,Amex     Bonus   ,TRUE,0,0,T.GARANTI BANKASI A.S.,1,13
81,2010-09-01,2010-09-01,tekir,tekir,375628,AMEX,Amex     Amex Blue Gold   ,TRUE,0,0,T.GARANTI BANKASI A.S.,1,13
82,2010-09-01,2010-09-01,tekir,tekir,375629,AMEX,Amex     Amex Blue Platinium    ,TRUE,0,0,T.GARANTI BANKASI A.S.,1,13
83,2010-09-01,2010-09-01,tekir,tekir,401738,NULL,Visa     Kontor  ,TRUE,0,0,T.GARANTI BANKASI A.S.,1,13
84,2010-09-01,2010-09-01,tekir,tekir,403280,NULL,Visa     Sanal   ,TRUE,0,0,T.GARANTI BANKASI A.S.,1,13
85,2010-09-01,2010-09-01,tekir,tekir,403666,NULL,Visa     Gbkk    ,TRUE,0,0,T.GARANTI BANKASI A.S.,1,13
86,2010-09-01,2010-09-01,tekir,tekir,404308,NULL,Visa     Bonus   ,TRUE,0,0,T.GARANTI BANKASI A.S.,1,13
87,2010-09-01,2010-09-01,tekir,tekir,405051,NULL,Visa     Kontor  ,TRUE,0,0,T.GARANTI BANKASI A.S.,1,13
88,2010-09-01,2010-09-01,tekir,tekir,405090,NULL,Visa     Kontor  ,TRUE,0,0,T.GARANTI BANKASI A.S.,1,13
89,2010-09-01,2010-09-01,tekir,tekir,410141,NULL,Visa     Kontor  ,TRUE,0,0,T.GARANTI BANKASI A.S.,1,13
90,2010-09-01,2010-09-01,tekir,tekir,413836,NULL,Visa     Smclub  ,TRUE,0,0,T.GARANTI BANKASI A.S.,1,13
91,2010-09-01,2010-09-01,tekir,tekir,420556,NULL,Visa     Kontor  ,TRUE,0,0,T.GARANTI BANKASI A.S.,1,13
92,2010-09-01,2010-09-01,tekir,tekir,420557,NULL,Visa     Kontor  ,TRUE,0,0,T.GARANTI BANKASI A.S.,1,13
93,2010-09-01,2010-09-01,tekir,tekir,426886,NULL,Visa     Bonus   ,TRUE,0,0,T.GARANTI BANKASI A.S.,1,13
94,2010-09-01,2010-09-01,tekir,tekir,426887,NULL,Visa     Bonus   ,TRUE,0,0,T.GARANTI BANKASI A.S.,1,13
95,2010-09-01,2010-09-01,tekir,tekir,426888,NULL,Visa     Bonus   ,TRUE,0,0,T.GARANTI BANKASI A.S.,1,13
96,2010-09-01,2010-09-01,tekir,tekir,426889,NULL,Visa     Kontor  ,TRUE,0,0,T.GARANTI BANKASI A.S.,1,13
97,2010-09-01,2010-09-01,tekir,tekir,427314,NULL,Visa     Bnstk   ,TRUE,0,0,T.GARANTI BANKASI A.S.,1,13
98,2010-09-01,2010-09-01,tekir,tekir,427315,NULL,Visa     Gbkk    ,TRUE,0,0,T.GARANTI BANKASI A.S.,1,13
99,2010-09-01,2010-09-01,tekir,tekir,428220,NULL,Visa     Flexi   ,TRUE,0,0,T.GARANTI BANKASI A.S.,1,13
100,2010-09-01,2010-09-01,tekir,tekir,428221,NULL,Visa     Flexi   ,TRUE,0,0,T.GARANTI BANKASI A.S.,1,13
101,2010-09-01,2010-09-01,tekir,tekir,428967,NULL,Visa     Gbkk    ,TRUE,0,0,T.GARANTI BANKASI A.S.,1,13
102,2010-09-01,2010-09-01,tekir,tekir,428968,NULL,Visa     Gbkk    ,TRUE,0,0,T.GARANTI BANKASI A.S.,1,13
103,2010-09-01,2010-09-01,tekir,tekir,448472,NULL,Visa     Gbkk    ,TRUE,0,0,T.GARANTI BANKASI A.S.,1,13
104,2010-09-01,2010-09-01,tekir,tekir,461668,NULL,Visa     Sm      ,TRUE,0,0,T.GARANTI BANKASI A.S.,1,13
105,2010-09-01,2010-09-01,tekir,tekir,462274,NULL,Visa     Ekinbns ,TRUE,0,0,T.GARANTI BANKASI A.S.,1,13
106,2010-09-01,2010-09-01,tekir,tekir,467293,NULL,Visa     Sm      ,TRUE,0,0,T.GARANTI BANKASI A.S.,1,13
107,2010-09-01,2010-09-01,tekir,tekir,467294,NULL,Visa     Sm      ,TRUE,0,0,T.GARANTI BANKASI A.S.,1,13
108,2010-09-01,2010-09-01,tekir,tekir,467295,NULL,Visa     Smtk    ,TRUE,0,0,T.GARANTI BANKASI A.S.,1,13
109,2010-09-01,2010-09-01,tekir,tekir,474151,NULL,Visa     Sm      ,TRUE,0,0,T.GARANTI BANKASI A.S.,1,13
110,2010-09-01,2010-09-01,tekir,tekir,479323,NULL,Visa     Gbkk    ,TRUE,0,0,T.GARANTI BANKASI A.S.,1,13
111,2010-09-01,2010-09-01,tekir,tekir,479324,NULL,Visa     Gbkk    ,TRUE,0,0,T.GARANTI BANKASI A.S.,1,13
112,2010-09-01,2010-09-01,tekir,tekir,482489,NULL,Visa Mgrbns,TRUE,0,0,T.GARANTI BANKASI A.S.,1,13
113,2010-09-01,2010-09-01,tekir,tekir,482490,NULL,Visa Mgrbns,TRUE,0,0,T.GARANTI BANKASI A.S.,1,13
114,2010-09-01,2010-09-01,tekir,tekir,482491,NULL,Visa Mgrbns,TRUE,0,0,T.GARANTI BANKASI A.S.,1,13
115,2010-09-01,2010-09-01,tekir,tekir,487074,NULL,Visa     Bonus   ,TRUE,0,0,T.GARANTI BANKASI A.S.,1,13
116,2010-09-01,2010-09-01,tekir,tekir,487075,NULL,Visa     Bonus   ,TRUE,0,0,T.GARANTI BANKASI A.S.,1,13
117,2010-09-01,2010-09-01,tekir,tekir,490175,NULL,Visa     Gbkk    ,TRUE,0,0,T.GARANTI BANKASI A.S.,1,13
118,2010-09-01,2010-09-01,tekir,tekir,492186,NULL,Visa     Gbkk    ,TRUE,0,0,T.GARANTI BANKASI A.S.,1,13
119,2010-09-01,2010-09-01,tekir,tekir,492187,NULL,Visa     Gbkk    ,TRUE,0,0,T.GARANTI BANKASI A.S.,1,13
120,2010-09-01,2010-09-01,tekir,tekir,492193,NULL,Visa     Gbkk    ,TRUE,0,0,T.GARANTI BANKASI A.S.,1,13
121,2010-09-01,2010-09-01,tekir,tekir,493845,NULL,Visa     Gbkk    ,TRUE,0,0,T.GARANTI BANKASI A.S.,1,13
122,2010-09-01,2010-09-01,tekir,tekir,520097,NULL,Garanti Gs Bonus Mastercard,TRUE,0,0,T.GARANTI BANKASI A.S.,1,13
123,2010-09-01,2010-09-01,tekir,tekir,520922,NULL,Master   Bonus   ,TRUE,0,0,T.GARANTI BANKASI A.S.,1,13
124,2010-09-01,2010-09-01,tekir,tekir,520940,NULL,Master   Sm      ,TRUE,0,0,T.GARANTI BANKASI A.S.,1,13
125,2010-09-01,2010-09-01,tekir,tekir,520988,NULL,Master   Sm      ,TRUE,0,0,T.GARANTI BANKASI A.S.,1,13
126,2010-09-01,2010-09-01,tekir,tekir,521824,NULL,Master   Smclub  ,TRUE,0,0,T.GARANTI BANKASI A.S.,1,13
127,2010-09-01,2010-09-01,tekir,tekir,521825,NULL,Master   Smclub  ,TRUE,0,0,T.GARANTI BANKASI A.S.,1,13
128,2010-09-01,2010-09-01,tekir,tekir,521832,NULL,Master   Sm      ,TRUE,0,0,T.GARANTI BANKASI A.S.,1,13
129,2010-09-01,2010-09-01,tekir,tekir,522204,NULL,Garanti Gs Bonus Mastercard,TRUE,0,0,T.GARANTI BANKASI A.S.,1,13
130,2010-09-01,2010-09-01,tekir,tekir,528939,NULL,Master   Sm      ,TRUE,0,0,T.GARANTI BANKASI A.S.,1,13
131,2010-09-01,2010-09-01,tekir,tekir,528956,NULL,Garanti Gs Bonus Mastercard,TRUE,0,0,T.GARANTI BANKASI A.S.,1,13
132,2010-09-01,2010-09-01,tekir,tekir,534261,NULL,Master   Sm      ,TRUE,0,0,T.GARANTI BANKASI A.S.,1,13
133,2010-09-01,2010-09-01,tekir,tekir,540036,NULL,Master   Gbkk    ,TRUE,0,0,T.GARANTI BANKASI A.S.,1,13
134,2010-09-01,2010-09-01,tekir,tekir,540037,NULL,Master   Bnstk   ,TRUE,0,0,T.GARANTI BANKASI A.S.,1,13
135,2010-09-01,2010-09-01,tekir,tekir,540226,NULL,Master   Gbkk    ,TRUE,0,0,T.GARANTI BANKASI A.S.,1,13
136,2010-09-01,2010-09-01,tekir,tekir,540227,NULL,Master   Gbkk    ,TRUE,0,0,T.GARANTI BANKASI A.S.,1,13
137,2010-09-01,2010-09-01,tekir,tekir,540669,NULL,Master   Bonus   ,TRUE,0,0,T.GARANTI BANKASI A.S.,1,13
138,2010-09-01,2010-09-01,tekir,tekir,540709,NULL,Master   Bonus   ,TRUE,0,0,T.GARANTI BANKASI A.S.,1,13
139,2010-09-01,2010-09-01,tekir,tekir,541858,NULL,Master   Gbkk    ,TRUE,0,0,T.GARANTI BANKASI A.S.,1,13
140,2010-09-01,2010-09-01,tekir,tekir,542030,NULL,Master   Gbkk    ,TRUE,0,0,T.GARANTI BANKASI A.S.,1,13
141,2010-09-01,2010-09-01,tekir,tekir,544078,NULL,Master   Bonus   ,TRUE,0,0,T.GARANTI BANKASI A.S.,1,13
142,2010-09-01,2010-09-01,tekir,tekir,544294,NULL,Master   Gbkk    ,TRUE,0,0,T.GARANTI BANKASI A.S.,1,13
143,2010-09-01,2010-09-01,tekir,tekir,545102,NULL,Master   Gbkk    ,TRUE,0,0,T.GARANTI BANKASI A.S.,1,13
144,2010-09-01,2010-09-01,tekir,tekir,552095,NULL,Master   Gbkk    ,TRUE,0,0,T.GARANTI BANKASI A.S.,1,13
145,2010-09-01,2010-09-01,tekir,tekir,553130,NULL,Master   Bnstk   ,TRUE,0,0,T.GARANTI BANKASI A.S.,1,13
146,2010-09-01,2010-09-01,tekir,tekir,554796,NULL,Master   Gbkk    ,TRUE,0,0,T.GARANTI BANKASI A.S.,1,13
147,2010-09-01,2010-09-01,tekir,tekir,554960,NULL,Master   Bonus   ,TRUE,0,0,T.GARANTI BANKASI A.S.,1,13
148,2010-09-01,2010-09-01,tekir,tekir,557023,NULL,Master   Sanal   ,TRUE,0,0,T.GARANTI BANKASI A.S.,1,13
149,2010-09-01,2010-09-01,tekir,tekir,558699,NULL,Master   Ortak   ,TRUE,0,0,T.GARANTI BANKASI A.S.,1,13
150,2010-09-01,2010-09-01,tekir,tekir,589318,NULL,Master   Kontor  ,TRUE,0,0,T.GARANTI BANKASI A.S.,1,13
151,2010-09-01,2010-09-01,tekir,tekir,602970,NULL,Garanti  Hediye  ,TRUE,0,0,T.GARANTI BANKASI A.S.,1,13
152,2010-09-01,2010-09-01,tekir,tekir,603480,NULL,Garanti  Ykm     ,TRUE,0,0,T.GARANTI BANKASI A.S.,1,13
153,2010-09-01,2010-09-01,tekir,tekir,603492,NULL,Garanti  Gecici  ,TRUE,0,0,T.GARANTI BANKASI A.S.,1,13
154,2010-09-01,2010-09-01,tekir,tekir,603614,NULL,Master   Pg      ,TRUE,0,0,T.GARANTI BANKASI A.S.,1,13
155,2010-09-01,2010-09-01,tekir,tekir,605036,NULL,Garanti  Magaza  ,TRUE,0,0,T.GARANTI BANKASI A.S.,1,13
156,2010-09-01,2010-09-01,tekir,tekir,642010,NULL,Garanti  Maxi    ,TRUE,0,0,T.GARANTI BANKASI A.S.,1,13
157,2010-09-01,2010-09-01,tekir,tekir,642011,NULL,Garanti  Lcw     ,TRUE,0,0,T.GARANTI BANKASI A.S.,1,13
158,2010-09-01,2010-09-01,tekir,tekir,676255,NULL,Master   Kontor  ,TRUE,0,0,T.GARANTI BANKASI A.S.,1,13
159,2010-09-01,2010-09-01,tekir,tekir,676283,NULL,Master   Kontor  ,TRUE,0,0,T.GARANTI BANKASI A.S.,1,13
160,2010-09-01,2010-09-01,tekir,tekir,676827,NULL,Master   Gbdk    ,TRUE,0,0,T.GARANTI BANKASI A.S.,1,13
161,2010-09-01,2010-09-01,tekir,tekir,724365,NULL,Visa     Mini    ,TRUE,0,0,T.GARANTI BANKASI A.S.,1,13
162,2010-09-01,2010-09-01,tekir,tekir,418342,NULL,NULL,TRUE,0,0,T.IS BANKASI A.S.,1,14
163,2010-09-01,2010-09-01,tekir,tekir,418343,NULL,NULL,TRUE,0,0,T.IS BANKASI A.S.,1,14
164,2010-09-01,2010-09-01,tekir,tekir,418344,NULL,NULL,TRUE,0,0,T.IS BANKASI A.S.,1,14
165,2010-09-01,2010-09-01,tekir,tekir,418345,NULL,NULL,TRUE,0,0,T.IS BANKASI A.S.,1,14
166,2010-09-01,2010-09-01,tekir,tekir,450803,NULL,NULL,TRUE,0,0,T.IS BANKASI A.S.,1,14
167,2010-09-01,2010-09-01,tekir,tekir,454318,NULL,NULL,TRUE,0,0,T.IS BANKASI A.S.,1,14
168,2010-09-01,2010-09-01,tekir,tekir,454358,NULL,NULL,TRUE,0,0,T.IS BANKASI A.S.,1,14
169,2010-09-01,2010-09-01,tekir,tekir,454359,NULL,NULL,TRUE,0,0,T.IS BANKASI A.S.,1,14
170,2010-09-01,2010-09-01,tekir,tekir,454360,NULL,NULL,TRUE,0,0,T.IS BANKASI A.S.,1,14
171,2010-09-01,2010-09-01,tekir,tekir,510152,NULL,NULL,TRUE,0,0,T.IS BANKASI A.S.,1,14
172,2010-09-01,2010-09-01,tekir,tekir,540667,NULL,NULL,TRUE,0,0,T.IS BANKASI A.S.,1,14
173,2010-09-01,2010-09-01,tekir,tekir,540668,NULL,NULL,TRUE,0,0,T.IS BANKASI A.S.,1,14
174,2010-09-01,2010-09-01,tekir,tekir,543771,NULL,NULL,TRUE,0,0,T.IS BANKASI A.S.,1,14
175,2010-09-01,2010-09-01,tekir,tekir,552096,NULL,NULL,TRUE,0,0,T.IS BANKASI A.S.,1,14
176,2010-09-01,2010-09-01,tekir,tekir,553058,NULL,NULL,TRUE,0,0,T.IS BANKASI A.S.,1,14
177,2010-09-01,2010-09-01,tekir,tekir,404809,NULL,NULL,TRUE,0,0,YAPI VE KREDI BANKASI A.S.,1,15
178,2010-09-01,2010-09-01,tekir,tekir,450634,NULL,NULL,TRUE,0,0,YAPI VE KREDI BANKASI A.S.,1,15
179,2010-09-01,2010-09-01,tekir,tekir,455359,NULL,NULL,TRUE,0,0,YAPI VE KREDI BANKASI A.S.,1,15
180,2010-09-01,2010-09-01,tekir,tekir,479794,NULL,NULL,TRUE,0,0,YAPI VE KREDI BANKASI A.S.,1,15
181,2010-09-01,2010-09-01,tekir,tekir,479795,NULL,NULL,TRUE,0,0,YAPI VE KREDI BANKASI A.S.,1,15
182,2010-09-01,2010-09-01,tekir,tekir,491205,NULL,NULL,TRUE,0,0,YAPI VE KREDI BANKASI A.S.,1,15
183,2010-09-01,2010-09-01,tekir,tekir,491206,NULL,NULL,TRUE,0,0,YAPI VE KREDI BANKASI A.S.,1,15
184,2010-09-01,2010-09-01,tekir,tekir,492128,NULL,NULL,TRUE,0,0,YAPI VE KREDI BANKASI A.S.,1,15
185,2010-09-01,2010-09-01,tekir,tekir,492130,NULL,NULL,TRUE,0,0,YAPI VE KREDI BANKASI A.S.,1,15
186,2010-09-01,2010-09-01,tekir,tekir,492131,NULL,NULL,TRUE,0,0,YAPI VE KREDI BANKASI A.S.,1,15
187,2010-09-01,2010-09-01,tekir,tekir,540061,NULL,NULL,TRUE,0,0,YAPI VE KREDI BANKASI A.S.,1,15
188,2010-09-01,2010-09-01,tekir,tekir,540062,NULL,NULL,TRUE,0,0,YAPI VE KREDI BANKASI A.S.,1,15
189,2010-09-01,2010-09-01,tekir,tekir,540063,NULL,NULL,TRUE,0,0,YAPI VE KREDI BANKASI A.S.,1,15
190,2010-09-01,2010-09-01,tekir,tekir,540122,NULL,NULL,TRUE,0,0,YAPI VE KREDI BANKASI A.S.,1,15
191,2010-09-01,2010-09-01,tekir,tekir,540129,NULL,NULL,TRUE,0,0,YAPI VE KREDI BANKASI A.S.,1,15
192,2010-09-01,2010-09-01,tekir,tekir,542117,NULL,NULL,TRUE,0,0,YAPI VE KREDI BANKASI A.S.,1,15
193,2010-09-01,2010-09-01,tekir,tekir,545103,NULL,NULL,TRUE,0,0,YAPI VE KREDI BANKASI A.S.,1,15
194,2010-09-01,2010-09-01,tekir,tekir,552645,NULL,NULL,TRUE,0,0,YAPI VE KREDI BANKASI A.S.,1,15
195,2010-09-01,2010-09-01,tekir,tekir,552659,NULL,NULL,TRUE,0,0,YAPI VE KREDI BANKASI A.S.,1,15
196,2010-09-01,2010-09-01,tekir,tekir,427308,NULL,Fortis,TRUE,0,0,FORTIS BANK A.S.,1,16
197,2010-09-01,2010-09-01,tekir,tekir,438040,NULL,Fortis,TRUE,0,0,FORTIS BANK A.S.,1,16
198,2010-09-01,2010-09-01,tekir,tekir,450918,NULL,Fortis,TRUE,0,0,FORTIS BANK A.S.,1,16
199,2010-09-01,2010-09-01,tekir,tekir,455645,NULL,Fortis,TRUE,0,0,FORTIS BANK A.S.,1,16
200,2010-09-01,2010-09-01,tekir,tekir,525314,NULL,Fortis,TRUE,0,0,FORTIS BANK A.S.,1,16
201,2010-09-01,2010-09-01,tekir,tekir,542259,NULL,Fortis,TRUE,0,0,FORTIS BANK A.S.,1,16
202,2010-09-01,2010-09-01,tekir,tekir,545148,NULL,Fortis,TRUE,0,0,FORTIS BANK A.S.,1,16
203,2010-09-01,2010-09-01,tekir,tekir,547985,NULL,Fortis,TRUE,0,0,FORTIS BANK A.S.,1,16
204,2010-09-01,2010-09-01,tekir,tekir,549998,NULL,Fortis,TRUE,0,0,FORTIS BANK A.S.,1,16
205,2010-09-01,2010-09-01,tekir,tekir,550449,NULL,Fortis,TRUE,0,0,FORTIS BANK A.S.,1,16
206,2010-09-01,2010-09-01,tekir,tekir,552207,NULL,Fortis,TRUE,0,0,FORTIS BANK A.S.,1,16
207,2010-09-01,2010-09-01,tekir,tekir,426391,NULL,Visa Gold,TRUE,0,0,CITIBANK A.S.,1,20
208,2010-09-01,2010-09-01,tekir,tekir,426392,NULL,Visa Classic,TRUE,0,0,CITIBANK A.S.,1,20
209,2010-09-01,2010-09-01,tekir,tekir,450050,NULL,Cıtı Axess,TRUE,0,0,CITIBANK A.S.,1,20
210,2010-09-01,2010-09-01,tekir,tekir,450051,NULL,Cıtı Axess,TRUE,0,0,CITIBANK A.S.,1,20
211,2010-09-01,2010-09-01,tekir,tekir,450052,NULL,Cıtı Axess,TRUE,0,0,CITIBANK A.S.,1,20
212,2010-09-01,2010-09-01,tekir,tekir,521376,NULL,Cıtı Axess,TRUE,0,0,CITIBANK A.S.,1,20
213,2010-09-01,2010-09-01,tekir,tekir,544127,NULL,Cıtı Axess,TRUE,0,0,CITIBANK A.S.,1,20
214,2010-09-01,2010-09-01,tekir,tekir,544445,NULL,Master Classic,TRUE,0,0,CITIBANK A.S.,1,20
215,2010-09-01,2010-09-01,tekir,tekir,544460,NULL,Master Gold,TRUE,0,0,CITIBANK A.S.,1,20
216,2010-09-01,2010-09-01,tekir,tekir,549220,NULL,Cıtı Axess,TRUE,0,0,CITIBANK A.S.,1,20
217,2010-09-01,2010-09-01,tekir,tekir,400684,NULL,Visa Ing,TRUE,0,0,ING BANK,1,23
218,2010-09-01,2010-09-01,tekir,tekir,408579,NULL,Visa Ing,TRUE,0,0,ING BANK,1,23
219,2010-09-01,2010-09-01,tekir,tekir,414070,NULL,Oyakbank,TRUE,0,0,ING BANK,1,23
220,2010-09-01,2010-09-01,tekir,tekir,420322,NULL,Visa Ing,TRUE,0,0,ING BANK,1,23
221,2010-09-01,2010-09-01,tekir,tekir,420323,NULL,Visa Ing,TRUE,0,0,ING BANK,1,23
222,2010-09-01,2010-09-01,tekir,tekir,420324,NULL,Visa Ing,TRUE,0,0,ING BANK,1,23
223,2010-09-01,2010-09-01,tekir,tekir,455571,NULL,Oyakbank,TRUE,0,0,ING BANK,1,23
224,2010-09-01,2010-09-01,tekir,tekir,480296,NULL,Visa Ing,TRUE,0,0,ING BANK,1,23
225,2010-09-01,2010-09-01,tekir,tekir,490805,NULL,Oyakbank,TRUE,0,0,ING BANK,1,23
226,2010-09-01,2010-09-01,tekir,tekir,490806,NULL,Oyakbank,TRUE,0,0,ING BANK,1,23
227,2010-09-01,2010-09-01,tekir,tekir,490807,NULL,Oyakbank,TRUE,0,0,ING BANK,1,23
228,2010-09-01,2010-09-01,tekir,tekir,493840,NULL,Oyak,TRUE,0,0,ING BANK,1,23
229,2010-09-01,2010-09-01,tekir,tekir,510151,NULL,Oyakbank,TRUE,0,0,ING BANK,1,23
230,2010-09-01,2010-09-01,tekir,tekir,532443,NULL,Masterı Ing,TRUE,0,0,ING BANK,1,23
231,2010-09-01,2010-09-01,tekir,tekir,540024,NULL,Oyakbank,TRUE,0,0,ING BANK,1,23
232,2010-09-01,2010-09-01,tekir,tekir,540025,NULL,Oyakbank,TRUE,0,0,ING BANK,1,23
233,2010-09-01,2010-09-01,tekir,tekir,542029,NULL,Oyakbank,TRUE,0,0,ING BANK,1,23
234,2010-09-01,2010-09-01,tekir,tekir,542605,NULL,Oyakbank,TRUE,0,0,ING BANK,1,23
235,2010-09-01,2010-09-01,tekir,tekir,542965,NULL,Masterı Ing,TRUE,0,0,ING BANK,1,23
236,2010-09-01,2010-09-01,tekir,tekir,542967,NULL,Masterı Ing,TRUE,0,0,ING BANK,1,23
237,2010-09-01,2010-09-01,tekir,tekir,547765,NULL,Masterı Ing,TRUE,0,0,ING BANK,1,23
238,2010-09-01,2010-09-01,tekir,tekir,548819,NULL,Oyakbank,TRUE,0,0,ING BANK,1,23
239,2010-09-01,2010-09-01,tekir,tekir,554297,NULL,Oyakbank,TRUE,0,0,ING BANK,1,23
240,2010-09-01,2010-09-01,tekir,tekir,554570,NULL,Masterı Ing,TRUE,0,0,ING BANK,1,23
241,2010-09-01,2010-09-01,tekir,tekir,413729,NULL,NULL,TRUE,0,0,TEKSTILBANK,1,28
242,2010-09-01,2010-09-01,tekir,tekir,413972,NULL,NULL,TRUE,0,0,TEKSTILBANK,1,28
243,2010-09-01,2010-09-01,tekir,tekir,456057,NULL,NULL,TRUE,0,0,TEKSTILBANK,1,28
244,2010-09-01,2010-09-01,tekir,tekir,456059,NULL,NULL,TRUE,0,0,TEKSTILBANK,1,28
245,2010-09-01,2010-09-01,tekir,tekir,514025,NULL,NULL,TRUE,0,0,TEKSTILBANK,1,28
246,2010-09-01,2010-09-01,tekir,tekir,545769,NULL,NULL,TRUE,0,0,TEKSTILBANK,1,28
247,2010-09-01,2010-09-01,tekir,tekir,545770,NULL,NULL,TRUE,0,0,TEKSTILBANK,1,28
248,2010-09-01,2010-09-01,tekir,tekir,402277,NULL,NULL,TRUE,0,0,FINANSBANK A.S.,1,29
249,2010-09-01,2010-09-01,tekir,tekir,402278,NULL,NULL,TRUE,0,0,FINANSBANK A.S.,1,29
250,2010-09-01,2010-09-01,tekir,tekir,402563,NULL,NULL,TRUE,0,0,FINANSBANK A.S.,1,29
251,2010-09-01,2010-09-01,tekir,tekir,409364,NULL,NULL,TRUE,0,0,FINANSBANK A.S.,1,29
252,2010-09-01,2010-09-01,tekir,tekir,410147,NULL,NULL,TRUE,0,0,FINANSBANK A.S.,1,29
253,2010-09-01,2010-09-01,tekir,tekir,413583,NULL,NULL,TRUE,0,0,FINANSBANK A.S.,1,29
254,2010-09-01,2010-09-01,tekir,tekir,414388,NULL,NULL,TRUE,0,0,FINANSBANK A.S.,1,29
255,2010-09-01,2010-09-01,tekir,tekir,415565,NULL,NULL,TRUE,0,0,FINANSBANK A.S.,1,29
256,2010-09-01,2010-09-01,tekir,tekir,415956,NULL,NULL,TRUE,0,0,FINANSBANK A.S.,1,29
257,2010-09-01,2010-09-01,tekir,tekir,422376,NULL,NULL,TRUE,0,0,FINANSBANK A.S.,1,29
258,2010-09-01,2010-09-01,tekir,tekir,423277,NULL,NULL,TRUE,0,0,FINANSBANK A.S.,1,29
259,2010-09-01,2010-09-01,tekir,tekir,423398,NULL,NULL,TRUE,0,0,FINANSBANK A.S.,1,29
260,2010-09-01,2010-09-01,tekir,tekir,427311,NULL,NULL,TRUE,0,0,FINANSBANK A.S.,1,29
261,2010-09-01,2010-09-01,tekir,tekir,435653,NULL,NULL,TRUE,0,0,FINANSBANK A.S.,1,29
262,2010-09-01,2010-09-01,tekir,tekir,441007,NULL,NULL,TRUE,0,0,FINANSBANK A.S.,1,29
263,2010-09-01,2010-09-01,tekir,tekir,444029,NULL,NULL,TRUE,0,0,FINANSBANK A.S.,1,29
264,2010-09-01,2010-09-01,tekir,tekir,521022,NULL,NULL,TRUE,0,0,FINANSBANK A.S.,1,29
265,2010-09-01,2010-09-01,tekir,tekir,521836,NULL,NULL,TRUE,0,0,FINANSBANK A.S.,1,29
266,2010-09-01,2010-09-01,tekir,tekir,531157,NULL,NULL,TRUE,0,0,FINANSBANK A.S.,1,29
267,2010-09-01,2010-09-01,tekir,tekir,545120,NULL,NULL,TRUE,0,0,FINANSBANK A.S.,1,29
268,2010-09-01,2010-09-01,tekir,tekir,545616,NULL,NULL,TRUE,0,0,FINANSBANK A.S.,1,29
269,2010-09-01,2010-09-01,tekir,tekir,545847,NULL,NULL,TRUE,0,0,FINANSBANK A.S.,1,29
270,2010-09-01,2010-09-01,tekir,tekir,547800,NULL,NULL,TRUE,0,0,FINANSBANK A.S.,1,29
271,2010-09-01,2010-09-01,tekir,tekir,405913,NULL,NULL,TRUE,0,0,HSBC BANK AS,1,34
272,2010-09-01,2010-09-01,tekir,tekir,405917,NULL,NULL,TRUE,0,0,HSBC BANK AS,1,34
273,2010-09-01,2010-09-01,tekir,tekir,405918,NULL,NULL,TRUE,0,0,HSBC BANK AS,1,34
274,2010-09-01,2010-09-01,tekir,tekir,409071,NULL,NULL,TRUE,0,0,HSBC BANK AS,1,34
275,2010-09-01,2010-09-01,tekir,tekir,422629,NULL,NULL,TRUE,0,0,HSBC BANK AS,1,34
276,2010-09-01,2010-09-01,tekir,tekir,424909,NULL,NULL,TRUE,0,0,HSBC BANK AS,1,34
277,2010-09-01,2010-09-01,tekir,tekir,428240,NULL,NULL,TRUE,0,0,HSBC BANK AS,1,34
278,2010-09-01,2010-09-01,tekir,tekir,431594,NULL,NULL,TRUE,0,0,HSBC BANK AS,1,34
279,2010-09-01,2010-09-01,tekir,tekir,455266,NULL,NULL,TRUE,0,0,HSBC BANK AS,1,34
280,2010-09-01,2010-09-01,tekir,tekir,493832,NULL,NULL,TRUE,0,0,HSBC BANK AS,1,34
281,2010-09-01,2010-09-01,tekir,tekir,496019,NULL,NULL,TRUE,0,0,HSBC BANK AS,1,34
282,2010-09-01,2010-09-01,tekir,tekir,510005,NULL,NULL,TRUE,0,0,HSBC BANK AS,1,34
283,2010-09-01,2010-09-01,tekir,tekir,512651,NULL,NULL,TRUE,0,0,HSBC BANK AS,1,34
284,2010-09-01,2010-09-01,tekir,tekir,519399,NULL,NULL,TRUE,0,0,HSBC BANK AS,1,34
285,2010-09-01,2010-09-01,tekir,tekir,521045,NULL,NULL,TRUE,0,0,HSBC BANK AS,1,34
286,2010-09-01,2010-09-01,tekir,tekir,522054,NULL,NULL,TRUE,0,0,HSBC BANK AS,1,34
287,2010-09-01,2010-09-01,tekir,tekir,525413,NULL,NULL,TRUE,0,0,HSBC BANK AS,1,34
288,2010-09-01,2010-09-01,tekir,tekir,525795,NULL,NULL,TRUE,0,0,HSBC BANK AS,1,34
289,2010-09-01,2010-09-01,tekir,tekir,540643,NULL,NULL,TRUE,0,0,HSBC BANK AS,1,34
290,2010-09-01,2010-09-01,tekir,tekir,542254,NULL,NULL,TRUE,0,0,HSBC BANK AS,1,34
291,2010-09-01,2010-09-01,tekir,tekir,545183,NULL,NULL,TRUE,0,0,HSBC BANK AS,1,34
292,2010-09-01,2010-09-01,tekir,tekir,550412,NULL,NULL,TRUE,0,0,HSBC BANK AS,1,34
293,2010-09-01,2010-09-01,tekir,tekir,550472,NULL,NULL,TRUE,0,0,HSBC BANK AS,1,34
294,2010-09-01,2010-09-01,tekir,tekir,550473,NULL,NULL,TRUE,0,0,HSBC BANK AS,1,34
295,2010-09-01,2010-09-01,tekir,tekir,552143,NULL,NULL,TRUE,0,0,HSBC BANK AS,1,34
296,2010-09-01,2010-09-01,tekir,tekir,556030,NULL,NULL,TRUE,0,0,HSBC BANK AS,1,34
297,2010-09-01,2010-09-01,tekir,tekir,556031,NULL,NULL,TRUE,0,0,HSBC BANK AS,1,34
298,2010-09-01,2010-09-01,tekir,tekir,556033,NULL,NULL,TRUE,0,0,HSBC BANK AS,1,34
299,2010-09-01,2010-09-01,tekir,tekir,556034,NULL,NULL,TRUE,0,0,HSBC BANK AS,1,34
300,2010-09-01,2010-09-01,tekir,tekir,556665,NULL,NULL,TRUE,0,0,HSBC BANK AS,1,34
301,2010-09-01,2010-09-01,tekir,tekir,603092,NULL,NULL,TRUE,0,0,HSBC BANK AS,1,34
302,2010-09-01,2010-09-01,tekir,tekir,627652,NULL,NULL,TRUE,0,0,HSBC BANK AS,1,34
303,2010-09-01,2010-09-01,tekir,tekir,498516,NULL,Tekfen Standart,TRUE,0,0,TEKFENBANK A.S.,1,36
304,2010-09-01,2010-09-01,tekir,tekir,498517,NULL,Tekfen Plus,TRUE,0,0,TEKFENBANK A.S.,1,36
305,2010-09-01,2010-09-01,tekir,tekir,498518,NULL,Tekfen Premium,TRUE,0,0,TEKFENBANK A.S.,1,36
306,2010-09-01,2010-09-01,tekir,tekir,498519,NULL,Tekfen Platinum,TRUE,0,0,TEKFENBANK A.S.,1,36
307,2010-09-01,2010-09-01,tekir,tekir,498520,NULL,Tekfen Business,TRUE,0,0,TEKFENBANK A.S.,1,36
308,2010-09-01,2010-09-01,tekir,tekir,409070,NULL,Visa Bonus  Denizbank,TRUE,0,0,DENIZBANK,1,39
309,2010-09-01,2010-09-01,tekir,tekir,424360,NULL,Visa Bonus Plus  Denizbank,TRUE,0,0,DENIZBANK,1,39
311,2010-09-01,2010-09-01,tekir,tekir,424361,NULL,Visa Bonus Premium  Denizbank,TRUE,0,0,DENIZBANK,1,39
312,2010-09-01,2010-09-01,tekir,tekir,510118,NULL,Mastercard Bonus Business  Denizbank,TRUE,0,0,DENIZBANK,1,39
313,2010-09-01,2010-09-01,tekir,tekir,512017,NULL,Deniz Gs Bonus Mastercard,TRUE,0,0,DENIZBANK,1,39
314,2010-09-01,2010-09-01,tekir,tekir,512117,NULL,Deniz Gs Bonus Mastercard,TRUE,0,0,DENIZBANK,1,39
315,2010-09-01,2010-09-01,tekir,tekir,520019,NULL,Mastercard Bonus  Denizbank,TRUE,0,0,DENIZBANK,1,39
316,2010-09-01,2010-09-01,tekir,tekir,520303,NULL,Mastercard Bonus Sanal  Denizbank,TRUE,0,0,DENIZBANK,1,39
317,2010-09-01,2010-09-01,tekir,tekir,425846,NULL,Anadolubank,TRUE,0,0,ANADOLU BANK A.S.,1,40
318,2010-09-01,2010-09-01,tekir,tekir,425847,NULL,Anadolubank,TRUE,0,0,ANADOLU BANK A.S.,1,40
319,2010-09-01,2010-09-01,tekir,tekir,425848,NULL,Anadolubank,TRUE,0,0,ANADOLU BANK A.S.,1,40
320,2010-09-01,2010-09-01,tekir,tekir,522240,NULL,Anadolubank,TRUE,0,0,ANADOLU BANK A.S.,1,40
321,2010-09-01,2010-09-01,tekir,tekir,522241,NULL,Anadolubank,TRUE,0,0,ANADOLU BANK A.S.,1,40
322,2010-09-01,2010-09-01,tekir,tekir,554301,NULL,Anadolubank,TRUE,0,0,ANADOLU BANK A.S.,1,40
323,2010-09-01,2010-09-01,tekir,tekir,558593,NULL,Anadolubank,TRUE,0,0,ANADOLU BANK A.S.,1,40
324,2010-09-01,2010-09-01,tekir,tekir,428462,NULL,Visa Tırkiye Finans,TRUE,0,0,TURKIYE FINANS KATILIM BANKASI,1,48
325,2010-09-01,2010-09-01,tekir,tekir,549294,NULL,Masterı Tırkiye Finans,TRUE,0,0,TURKIYE FINANS KATILIM BANKASI,1,48
326,2010-09-01,2010-09-01,tekir,tekir,401200,NULL,Test ııin Verilen Kk,TRUE,0,0,BANK ASYA KATILIM BANKASI A.S.,1,49
327,2010-09-01,2010-09-01,tekir,tekir,402275,VISA,Visa Klasik,TRUE,0,0,BANK ASYA KATILIM BANKASI A.S.,1,49
328,2010-09-01,2010-09-01,tekir,tekir,402276,NULL,Visa Gold,TRUE,0,1,BANK ASYA KATILIM BANKASI A.S.,1,49
329,2010-09-01,2010-09-01,tekir,tekir,402280,NULL,Visa Unemboss Standart,TRUE,0,0,BANK ASYA KATILIM BANKASI A.S.,1,49
330,2010-09-01,2010-09-01,tekir,tekir,407112,NULL,Visa Debit Business,TRUE,1,3,BANK ASYA KATILIM BANKASI A.S.,1,49
331,2010-09-01,2010-09-01,tekir,tekir,407381,VISA,Visa Debit Electron,TRUE,1,2,BANK ASYA KATILIM BANKASI A.S.,1,49
332,2010-09-01,2010-09-01,tekir,tekir,412953,VISA,Visa Debit Electron Prepaid,TRUE,2,2,BANK ASYA KATILIM BANKASI A.S.,1,49
333,2010-09-01,2010-09-01,tekir,tekir,416987,VISA,Visa Business,TRUE,0,3,BANK ASYA KATILIM BANKASI A.S.,1,49
334,2010-09-01,2010-09-01,tekir,tekir,515849,MASTERCARD,Master Gold,TRUE,0,1,BANK ASYA KATILIM BANKASI A.S.,1,49
335,2010-09-01,2010-09-01,tekir,tekir,524384,MASTERCARD,Master Platinum,TRUE,0,4,BANK ASYA KATILIM BANKASI A.S.,1,49
336,2010-09-01,2010-09-01,tekir,tekir,527585,NULL,Master Klasik,TRUE,0,0,BANK ASYA KATILIM BANKASI A.S.,1,49
337,2010-09-01,2010-09-01,tekir,tekir,529462,MASTERCARD,Master Sanal,TRUE,0,0,BANK ASYA KATILIM BANKASI A.S.,1,49
338,2010-09-01,2010-09-01,tekir,tekir,531334,NULL,Master Unemboss Standart,TRUE,0,0,BANK ASYA KATILIM BANKASI A.S.,1,49
339,2010-09-01,2010-09-01,tekir,tekir,547799,NULL,Master Business,TRUE,0,3,BANK ASYA KATILIM BANKASI A.S.,1,49
340,2010-09-01,2010-09-01,tekir,tekir,552529,NULL,Master Business Sanal,TRUE,0,3,BANK ASYA KATILIM BANKASI A.S.,1,49
341,2010-09-01,2010-09-01,tekir,tekir,627462,NULL,Master Debit Maestro,TRUE,1,0,BANK ASYA KATILIM BANKASI A.S.,1,49
310,2010-09-01,2010-09-01,tekir,tekir,677131,NULL,Master Debit Maestro,TRUE,1,0,BANK ASYA KATILIM BANKASI A.S.,1,49
