ID,NAME,SYSTEM,ISACTIVE,weight,PLATE,CITY_ID
1111,ALADAĞ,FALSE,TRUE,10,1757,1
1112,CEYHAN,FALSE,TRUE,10,1219,1
1113,ÇUKUROVA,FALSE,TRUE,20,2033,1
1114,FEKE,FALSE,TRUE,30,1329,1
1115,İMAMOĞLU,FALSE,TRUE,40,1806,1
1116,KARAİSALI,FALSE,TRUE,50,1437,1
1117,KARATAŞ,FALSE,TRUE,60,1443,1
1118,KOZAN,FALSE,TRUE,70,1486,1
1119,POZANTI,FALSE,TRUE,80,1580,1
1120,SAİMBEYLİ,FALSE,TRUE,90,1588,1
1121,SARIÇAM,FALSE,TRUE,100,2032,1
1122,SEYHAN,FALSE,TRUE,110,1104,1
1123,TUFANBEYLİ,FALSE,TRUE,120,1687,1
1124,YUMURTALIK,FALSE,TRUE,130,1734,1
1125,YÜREĞİR,FALSE,TRUE,140,1748,1
1126,BESNİ,FALSE,TRUE,10,1182,2
1127,ÇELİKHAN,FALSE,TRUE,10,1246,2
1128,GERGER,FALSE,TRUE,20,1347,2
1129,GÖLBAŞI,FALSE,TRUE,30,1354,2
1130,KAHTA,FALSE,TRUE,40,1425,2
1131,SAMSAT,FALSE,TRUE,50,1592,2
1132,SİNCİK,FALSE,TRUE,60,1985,2
1133,TUT,FALSE,TRUE,70,1989,2
1134,MERKEZ,FALSE,TRUE,10,1108,3
1135,BAŞMAKÇI,FALSE,TRUE,10,1771,3
1136,BAYAT,FALSE,TRUE,20,1773,3
1137,BOLVADİN,FALSE,TRUE,30,1200,3
1138,ÇAY,FALSE,TRUE,40,1239,3
1139,ÇOBANLAR,FALSE,TRUE,50,1906,3
1140,DAZKIRI,FALSE,TRUE,60,1267,3
1141,DİNAR,FALSE,TRUE,70,1281,3
1142,EMİRDAĞ,FALSE,TRUE,80,1306,3
1143,EVCİLER,FALSE,TRUE,90,1923,3
1144,HOCALAR,FALSE,TRUE,100,1944,3
1145,İHSANİYE,FALSE,TRUE,110,1404,3
1146,İSCEHİSAR,FALSE,TRUE,120,1809,3
1147,KIZILÖREN,FALSE,TRUE,130,1961,3
1148,SANDIKLI,FALSE,TRUE,140,1594,3
1149,SİNANPAŞA,FALSE,TRUE,150,1626,3
1150,SULTANDAĞI,FALSE,TRUE,160,1639,3
1151,ŞUHUT,FALSE,TRUE,170,1664,3
1152,MERKEZ,FALSE,TRUE,10,1111,4
1153,DİYADİN,FALSE,TRUE,10,1283,4
1154,DOĞUBAYAZIT,FALSE,TRUE,20,1287,4
1155,ELEŞKİRT,FALSE,TRUE,30,1301,4
1156,HAMUR,FALSE,TRUE,40,1379,4
1157,PATNOS,FALSE,TRUE,50,1568,4
1158,TAŞLIÇAY,FALSE,TRUE,60,1667,4
1159,TUTAK,FALSE,TRUE,70,1691,4
1160,AĞAÇÖREN,FALSE,TRUE,10,1860,5
1161,MERKEZ,FALSE,TRUE,10,1120,5
1162,ESKİL,FALSE,TRUE,20,1921,5
1163,GÜLAĞAÇ,FALSE,TRUE,30,1932,5
1164,GÜZELYURT,FALSE,TRUE,40,1861,5
1165,ORTAKÖY,FALSE,TRUE,50,1557,5
1166,SARIYAHŞİ,FALSE,TRUE,60,1866,5
1167,MERKEZ,FALSE,TRUE,10,1134,6
1168,GÖYNÜCEK,FALSE,TRUE,10,1363,6
1169,GÜMÜŞHACIKÖY,FALSE,TRUE,20,1368,6
1170,HAMAMÖZÜ,FALSE,TRUE,30,1938,6
1171,MERZİFON,FALSE,TRUE,40,1524,6
1172,SULUOVA,FALSE,TRUE,50,1641,6
1173,TAŞOVA,FALSE,TRUE,60,1668,6
1174,AKYURT,FALSE,TRUE,10,1872,7
1175,ALTINDAĞ,FALSE,TRUE,10,1130,7
1176,AYAŞ,FALSE,TRUE,20,1157,7
1177,BALA,FALSE,TRUE,30,1167,7
1178,BEYPAZARI,FALSE,TRUE,40,1187,7
1179,ÇAMLIDERE,FALSE,TRUE,50,1227,7
1180,ÇANKAYA,FALSE,TRUE,60,1231,7
1181,ÇUBUK,FALSE,TRUE,70,1260,7
1182,ELMADAĞ,FALSE,TRUE,80,1302,7
1183,ETİMESGUT,FALSE,TRUE,90,1922,7
1184,EVREN,FALSE,TRUE,100,1924,7
1185,GÖLBAŞI,FALSE,TRUE,110,1744,7
1186,GÜDÜL,FALSE,TRUE,120,1365,7
1187,HAYMANA,FALSE,TRUE,130,1387,7
1188,KALECİK,FALSE,TRUE,140,1427,7
1189,KAZAN,FALSE,TRUE,150,1815,7
1190,KEÇİÖREN,FALSE,TRUE,160,1745,7
1191,KIZILCAHAMAM,FALSE,TRUE,170,1473,7
1192,MAMAK,FALSE,TRUE,180,1746,7
1193,NALLIHAN,FALSE,TRUE,190,1539,7
1194,POLATLI,FALSE,TRUE,200,1578,7
1195,PURSAKLAR,FALSE,TRUE,210,2034,7
1196,SİNCAN,FALSE,TRUE,220,1747,7
1197,ŞEREFLİKOÇHİSAR,FALSE,TRUE,230,1658,7
1198,YENİMAHALLE,FALSE,TRUE,240,1723,7
1199,AKSEKİ,FALSE,TRUE,10,1121,8
1200,AKSU,FALSE,TRUE,10,2035,8
1201,ALANYA,FALSE,TRUE,20,1126,8
1202,MERKEZ,FALSE,TRUE,30,1138,8
1203,DEMRE,FALSE,TRUE,40,1811,8
1204,DÖŞEMEALTI,FALSE,TRUE,50,2036,8
1205,ELMALI,FALSE,TRUE,60,1303,8
1206,FİNİKE,FALSE,TRUE,70,1333,8
1207,GAZİPAŞA,FALSE,TRUE,80,1337,8
1208,GÜNDOĞMUŞ,FALSE,TRUE,90,1370,8
1209,İBRADI,FALSE,TRUE,100,1946,8
1210,KAŞ,FALSE,TRUE,110,1451,8
1211,KEMER,FALSE,TRUE,120,1959,8
1212,KEPEZ,FALSE,TRUE,130,2037,8
1213,KONYAALTI,FALSE,TRUE,140,2038,8
1214,KORKUTELİ,FALSE,TRUE,150,1483,8
1215,KUMLUCA,FALSE,TRUE,160,1492,8
1216,MANAVGAT,FALSE,TRUE,170,1512,8
1217,MURATPAŞA,FALSE,TRUE,180,2039,8
1218,SERİK,FALSE,TRUE,190,1616,8
1219,MERKEZ,FALSE,TRUE,10,1144,9
1220,ÇILDIR,FALSE,TRUE,10,1252,9
1221,DAMAL,FALSE,TRUE,20,2008,9
1222,GÖLE,FALSE,TRUE,30,1356,9
1223,HANAK,FALSE,TRUE,40,1380,9
1224,POSOF,FALSE,TRUE,50,1579,9
1225,ARDANUÇ,FALSE,TRUE,10,1145,10
1226,ARHAVİ,FALSE,TRUE,10,1147,10
1227,MERKEZ,FALSE,TRUE,20,1152,10
1228,BORÇKA,FALSE,TRUE,30,1202,10
1229,HOPA,FALSE,TRUE,40,1395,10
1230,MURGUL,FALSE,TRUE,50,1828,10
1231,ŞAVŞAT,FALSE,TRUE,60,1653,10
1232,YUSUFELİ,FALSE,TRUE,70,1736,10
1233,MERKEZ,FALSE,TRUE,10,1159,11
1234,BOZDOĞAN,FALSE,TRUE,10,1206,11
1235,BUHARKENT,FALSE,TRUE,20,1781,11
1236,ÇİNE,FALSE,TRUE,30,1256,11
1237,DİDİM,FALSE,TRUE,40,2000,11
1238,GERMENCİK,FALSE,TRUE,50,1348,11
1239,İNCİRLİOVA,FALSE,TRUE,60,1807,11
1240,KARACASU,FALSE,TRUE,70,1435,11
1241,KARPUZLU,FALSE,TRUE,80,1957,11
1242,KOÇARLI,FALSE,TRUE,90,1479,11
1243,KÖŞK,FALSE,TRUE,100,1968,11
1244,KUŞADASI,FALSE,TRUE,110,1497,11
1245,KUYUCAK,FALSE,TRUE,120,1498,11
1246,NAZİLLİ,FALSE,TRUE,130,1542,11
1247,SÖKE,FALSE,TRUE,140,1637,11
1248,SULTANHİSAR,FALSE,TRUE,150,1640,11
1249,YENİPAZAR,FALSE,TRUE,160,1724,11
1250,AYVALIK,FALSE,TRUE,10,1161,12
1251,MERKEZ,FALSE,TRUE,10,1168,12
1252,BALYA,FALSE,TRUE,20,1169,12
1253,BANDIRMA,FALSE,TRUE,30,1171,12
1254,BİGADİÇ,FALSE,TRUE,40,1191,12
1255,BURHANİYE,FALSE,TRUE,50,1216,12
1256,DURSUNBEY,FALSE,TRUE,60,1291,12
1257,EDREMİT,FALSE,TRUE,70,1294,12
1258,ERDEK,FALSE,TRUE,80,1310,12
1259,GÖMEÇ,FALSE,TRUE,90,1928,12
1260,GÖNEN,FALSE,TRUE,100,1360,12
1261,HAVRAN,FALSE,TRUE,110,1384,12
1262,İVRİNDİ,FALSE,TRUE,120,1418,12
1263,KEPSUT,FALSE,TRUE,130,1462,12
1264,MANYAS,FALSE,TRUE,140,1514,12
1265,MARMARA,FALSE,TRUE,150,1824,12
1266,SAVAŞTEPE,FALSE,TRUE,160,1608,12
1267,SINDIRGI,FALSE,TRUE,170,1619,12
1268,SUSURLUK,FALSE,TRUE,180,1644,12
1269,AMASRA,FALSE,TRUE,10,1761,13
1270,MERKEZ,FALSE,TRUE,10,1172,13
1271,KURUCAŞİLE,FALSE,TRUE,20,1496,13
1272,ULUS,FALSE,TRUE,30,1701,13
1273,MERKEZ,FALSE,TRUE,10,1174,14
1274,BEŞİRİ,FALSE,TRUE,10,1184,14
1275,GERCÜŞ,FALSE,TRUE,20,1345,14
1276,HASANKEYF,FALSE,TRUE,30,1941,14
1277,KOZLUK,FALSE,TRUE,40,1487,14
1278,SASON,FALSE,TRUE,50,1607,14
1279,AYDINTEPE,FALSE,TRUE,10,1767,15
1280,MERKEZ,FALSE,TRUE,10,1176,15
1281,DEMİRÖZÜ,FALSE,TRUE,20,1788,15
1282,MERKEZ,FALSE,TRUE,10,1192,16
1283,BOZÜYÜK,FALSE,TRUE,10,1210,16
1284,GÖLPAZARI,FALSE,TRUE,20,1359,16
1285,İNHİSAR,FALSE,TRUE,30,1948,16
1286,OSMANELİ,FALSE,TRUE,40,1559,16
1287,PAZARYERİ,FALSE,TRUE,50,1571,16
1288,SÖĞÜT,FALSE,TRUE,60,1636,16
1289,YENİPAZAR,FALSE,TRUE,70,1857,16
1290,ADAKLI,FALSE,TRUE,10,1750,17
1291,MERKEZ,FALSE,TRUE,10,1193,17
1292,GENÇ,FALSE,TRUE,20,1344,17
1293,KARLIOVA,FALSE,TRUE,30,1446,17
1294,KİĞI,FALSE,TRUE,40,1475,17
1295,SOLHAN,FALSE,TRUE,50,1633,17
1296,YAYLADERE,FALSE,TRUE,60,1855,17
1297,YEDİSU,FALSE,TRUE,70,1996,17
1298,ADİLCEVAZ,FALSE,TRUE,10,1106,18
1299,AHLAT,FALSE,TRUE,10,1112,18
1300,MERKEZ,FALSE,TRUE,20,1196,18
1301,GÜROYMAK,FALSE,TRUE,30,1798,18
1302,HİZAN,FALSE,TRUE,40,1394,18
1303,MUTKİ,FALSE,TRUE,50,1537,18
1304,TATVAN,FALSE,TRUE,60,1669,18
1305,MERKEZ,FALSE,TRUE,10,1199,19
1306,DÖRTDİVAN,FALSE,TRUE,10,1916,19
1307,GEREDE,FALSE,TRUE,20,1346,19
1308,GÖYNÜK,FALSE,TRUE,30,1364,19
1309,KIBRISCIK,FALSE,TRUE,40,1466,19
1310,MENGEN,FALSE,TRUE,50,1522,19
1311,MUDURNU,FALSE,TRUE,60,1531,19
1312,SEBEN,FALSE,TRUE,70,1610,19
1313,YENİÇAĞA,FALSE,TRUE,80,1997,19
1314,AĞLASUN,FALSE,TRUE,10,1109,20
1315,ALTINYAYLA,FALSE,TRUE,10,1874,20
1316,BUCAK,FALSE,TRUE,20,1211,20
1317,MERKEZ,FALSE,TRUE,30,1215,20
1318,ÇAVDIR,FALSE,TRUE,40,1899,20
1319,ÇELTİKÇİ,FALSE,TRUE,50,1903,20
1320,GÖLHİSAR,FALSE,TRUE,60,1357,20
1321,KARAMANLI,FALSE,TRUE,70,1813,20
1322,KEMER,FALSE,TRUE,80,1816,20
1323,TEFENNİ,FALSE,TRUE,90,1672,20
1324,YEŞİLOVA,FALSE,TRUE,100,1728,20
1325,BÜYÜKORHAN,FALSE,TRUE,10,1783,21
1326,GEMLİK,FALSE,TRUE,10,1343,21
1327,GÜRSU,FALSE,TRUE,20,1935,21
1328,HARMANCIK,FALSE,TRUE,30,1799,21
1329,İNEGÖL,FALSE,TRUE,40,1411,21
1330,İZNİK,FALSE,TRUE,50,1420,21
1331,KARACABEY,FALSE,TRUE,60,1434,21
1332,KELES,FALSE,TRUE,70,1457,21
1333,KESTEL,FALSE,TRUE,80,1960,21
1334,MUDANYA,FALSE,TRUE,90,1530,21
1335,NİLÜFER,FALSE,TRUE,100,1829,21
1336,ORHANELİ,FALSE,TRUE,110,1553,21
1337,ORHANGAZİ,FALSE,TRUE,120,1554,21
1338,OSMANGAZİ,FALSE,TRUE,130,1832,21
1339,YENİŞEHİR,FALSE,TRUE,140,1725,21
1340,YILDIRIM,FALSE,TRUE,150,1859,21
1341,AYVACIK,FALSE,TRUE,10,1160,22
1342,BAYRAMİÇ,FALSE,TRUE,10,1180,22
1343,BİGA,FALSE,TRUE,20,1190,22
1344,BOZCAADA,FALSE,TRUE,30,1205,22
1345,ÇAN,FALSE,TRUE,40,1229,22
1346,MERKEZ,FALSE,TRUE,50,1230,22
1347,ECEABAT,FALSE,TRUE,60,1293,22
1348,EZİNE,FALSE,TRUE,70,1326,22
1349,GELİBOLU,FALSE,TRUE,80,1340,22
1350,GÖKÇEADA,FALSE,TRUE,90,1408,22
1351,LAPSEKİ,FALSE,TRUE,100,1503,22
1352,YENİCE,FALSE,TRUE,110,1722,22
1353,ATKARACALAR,FALSE,TRUE,10,1765,23
1354,BAYRAMÖREN,FALSE,TRUE,10,1885,23
1355,MERKEZ,FALSE,TRUE,20,1232,23
1356,ÇERKEŞ,FALSE,TRUE,30,1248,23
1357,ELDİVAN,FALSE,TRUE,40,1300,23
1358,ILGAZ,FALSE,TRUE,50,1399,23
1359,KIZILIRMAK,FALSE,TRUE,60,1817,23
1360,KORGUN,FALSE,TRUE,70,1963,23
1361,KURŞUNLU,FALSE,TRUE,80,1494,23
1362,ORTA,FALSE,TRUE,90,1555,23
1363,ŞABANÖZÜ,FALSE,TRUE,100,1649,23
1364,YAPRAKLI,FALSE,TRUE,110,1718,23
1365,ALACA,FALSE,TRUE,10,1124,24
1366,BAYAT,FALSE,TRUE,10,1177,24
1367,BOĞAZKALE,FALSE,TRUE,20,1778,24
1368,MERKEZ,FALSE,TRUE,30,1259,24
1369,DODURGA,FALSE,TRUE,40,1911,24
1370,İSKİLİP,FALSE,TRUE,50,1414,24
1371,KARGI,FALSE,TRUE,60,1445,24
1372,LAÇİN,FALSE,TRUE,70,1972,24
1373,MECİTÖZÜ,FALSE,TRUE,80,1520,24
1374,OĞUZLAR,FALSE,TRUE,90,1976,24
1375,ORTAKÖY,FALSE,TRUE,100,1556,24
1376,OSMANCIK,FALSE,TRUE,110,1558,24
1377,SUNGURLU,FALSE,TRUE,120,1642,24
1378,UĞURLUDAĞ,FALSE,TRUE,130,1850,24
1379,ACIPAYAM,FALSE,TRUE,10,1102,25
1380,AKKÖY,FALSE,TRUE,10,1871,25
1381,BABADAĞ,FALSE,TRUE,20,1769,25
1382,BAKLAN,FALSE,TRUE,30,1881,25
1383,BEKİLLİ,FALSE,TRUE,40,1774,25
1384,BEYAĞAÇ,FALSE,TRUE,50,1888,25
1385,BOZKURT,FALSE,TRUE,60,1889,25
1386,BULDAN,FALSE,TRUE,70,1214,25
1387,ÇAL,FALSE,TRUE,80,1224,25
1388,ÇAMELİ,FALSE,TRUE,90,1226,25
1389,ÇARDAK,FALSE,TRUE,100,1233,25
1390,ÇİVRİL,FALSE,TRUE,110,1257,25
1391,MERKEZ,FALSE,TRUE,120,1271,25
1392,GÜNEY,FALSE,TRUE,130,1371,25
1393,HONAZ,FALSE,TRUE,140,1803,25
1394,KALE,FALSE,TRUE,150,1426,25
1395,SARAYKÖY,FALSE,TRUE,160,1597,25
1396,SERİNHİSAR,FALSE,TRUE,170,1840,25
1397,TAVAS,FALSE,TRUE,180,1670,25
1398,BAĞLAR,FALSE,TRUE,10,2040,26
1399,BİSMİL,FALSE,TRUE,10,1195,26
1400,ÇERMİK,FALSE,TRUE,20,1249,26
1401,ÇINAR,FALSE,TRUE,30,1253,26
1402,ÇÜNGÜŞ,FALSE,TRUE,40,1263,26
1403,DİCLE,FALSE,TRUE,50,1278,26
1404,MERKEZ,FALSE,TRUE,60,1284,26
1405,EĞİL,FALSE,TRUE,70,1791,26
1406,ERGANİ,FALSE,TRUE,80,1315,26
1407,HANİ,FALSE,TRUE,90,1381,26
1408,HAZRO,FALSE,TRUE,100,1389,26
1409,KAYAPINAR,FALSE,TRUE,110,2041,26
1410,KOCAKÖY,FALSE,TRUE,120,1962,26
1411,KULP,FALSE,TRUE,130,1490,26
1412,LİCE,FALSE,TRUE,140,1504,26
1413,SİLVAN,FALSE,TRUE,150,1624,26
1414,SUR,FALSE,TRUE,160,2042,26
1415,YENİŞEHİR,FALSE,TRUE,170,2043,26
1416,AKÇAKOCA,FALSE,TRUE,10,1116,27
1417,CUMAYERİ,FALSE,TRUE,10,1784,27
1418,ÇİLİMLİ,FALSE,TRUE,20,1905,27
1419,MERKEZ,FALSE,TRUE,30,1292,27
1420,GÖLYAKA,FALSE,TRUE,40,1794,27
1421,GÜMÜŞOVA,FALSE,TRUE,50,2017,27
1422,KAYNAŞLI,FALSE,TRUE,60,2031,27
1423,YIĞILCA,FALSE,TRUE,70,1730,27
1424,MERKEZ,FALSE,TRUE,10,1295,28
1425,ENEZ,FALSE,TRUE,10,1307,28
1426,HAVSA,FALSE,TRUE,20,1385,28
1427,İPSALA,FALSE,TRUE,30,1412,28
1428,KEŞAN,FALSE,TRUE,40,1464,28
1429,LALAPAŞA,FALSE,TRUE,50,1502,28
1430,MERİÇ,FALSE,TRUE,60,1523,28
1431,SÜLOĞLU,FALSE,TRUE,70,1988,28
1432,UZUNKÖPRÜ,FALSE,TRUE,80,1705,28
1433,AĞIN,FALSE,TRUE,10,1110,29
1434,ALACAKAYA,FALSE,TRUE,10,1873,29
1435,ARICAK,FALSE,TRUE,20,1762,29
1436,BASKİL,FALSE,TRUE,30,1173,29
1437,MERKEZ,FALSE,TRUE,40,1298,29
1438,KARAKOÇAN,FALSE,TRUE,50,1438,29
1439,KEBAN,FALSE,TRUE,60,1455,29
1440,KOVANCILAR,FALSE,TRUE,70,1820,29
1441,MADEN,FALSE,TRUE,80,1506,29
1442,PALU,FALSE,TRUE,90,1566,29
1443,SİVRİCE,FALSE,TRUE,100,1631,29
1444,ÇAYIRLI,FALSE,TRUE,10,1243,30
1445,MERKEZ,FALSE,TRUE,10,1318,30
1446,İLİÇ,FALSE,TRUE,20,1406,30
1447,KEMAH,FALSE,TRUE,30,1459,30
1448,KEMALİYE,FALSE,TRUE,40,1460,30
1449,OTLUKBELİ,FALSE,TRUE,50,1977,30
1450,REFAHİYE,FALSE,TRUE,60,1583,30
1451,TERCAN,FALSE,TRUE,70,1675,30
1452,ÜZÜMLÜ,FALSE,TRUE,80,1853,30
1453,AŞKALE,FALSE,TRUE,10,1153,31
1454,AZİZİYE,FALSE,TRUE,10,1945,31
1455,ÇAT,FALSE,TRUE,20,1235,31
1456,MERKEZ,FALSE,TRUE,30,1319,31
1457,HINIS,FALSE,TRUE,40,1392,31
1458,HORASAN,FALSE,TRUE,50,1396,31
1459,İSPİR,FALSE,TRUE,60,1416,31
1460,KARAÇOBAN,FALSE,TRUE,70,1812,31
1461,KARAYAZI,FALSE,TRUE,80,1444,31
1462,KÖPRÜKÖY,FALSE,TRUE,90,1967,31
1463,NARMAN,FALSE,TRUE,100,1540,31
1464,OLTU,FALSE,TRUE,110,1550,31
1465,OLUR,FALSE,TRUE,120,1551,31
1466,PALANDÖKEN,FALSE,TRUE,130,2044,31
1467,PASİNLER,FALSE,TRUE,140,1567,31
1468,PAZARYOLU,FALSE,TRUE,150,1865,31
1469,ŞENKAYA,FALSE,TRUE,160,1657,31
1470,TEKMAN,FALSE,TRUE,170,1674,31
1471,TORTUM,FALSE,TRUE,180,1683,31
1472,UZUNDERE,FALSE,TRUE,190,1851,31
1473,YAKUTİYE,FALSE,TRUE,200,2045,31
1474,ALPU,FALSE,TRUE,10,1759,32
1475,BEYLİKOVA,FALSE,TRUE,10,1777,32
1476,ÇİFTELER,FALSE,TRUE,20,1255,32
1477,MERKEZ,FALSE,TRUE,30,1322,32
1478,GÜNYÜZÜ,FALSE,TRUE,40,1934,32
1479,HAN,FALSE,TRUE,50,1939,32
1480,İNÖNÜ,FALSE,TRUE,60,1808,32
1481,MAHMUDİYE,FALSE,TRUE,70,1508,32
1482,MİHALGAZİ,FALSE,TRUE,80,1973,32
1483,MİHALIÇÇIK,FALSE,TRUE,90,1527,32
1484,ODUNPAZARI,FALSE,TRUE,100,2046,32
1485,SARICAKAYA,FALSE,TRUE,110,1599,32
1486,SEYİTGAZİ,FALSE,TRUE,120,1618,32
1487,SİVRİHİSAR,FALSE,TRUE,130,1632,32
1488,TEPEBAŞI,FALSE,TRUE,140,2047,32
1489,ARABAN,FALSE,TRUE,10,1139,33
1490,İSLAHİYE,FALSE,TRUE,10,1415,33
1491,KARKAMIŞ,FALSE,TRUE,20,1956,33
1492,NİZİP,FALSE,TRUE,30,1546,33
1493,NURDAĞI,FALSE,TRUE,40,1974,33
1494,OĞUZELİ,FALSE,TRUE,50,1549,33
1495,ŞAHİNBEY,FALSE,TRUE,60,1841,33
1496,ŞEHİTKAMİL,FALSE,TRUE,70,1844,33
1497,YAVUZELİ,FALSE,TRUE,80,1720,33
1498,ALUCRA,FALSE,TRUE,10,1133,34
1499,BULANCAK,FALSE,TRUE,10,1212,34
1500,ÇAMOLUK,FALSE,TRUE,20,1893,34
1501,ÇANAKÇI,FALSE,TRUE,30,1894,34
1502,DERELİ,FALSE,TRUE,40,1272,34
1503,DOĞANKENT,FALSE,TRUE,50,1912,34
1504,ESPİYE,FALSE,TRUE,60,1320,34
1505,EYNESİL,FALSE,TRUE,70,1324,34
1506,MERKEZ,FALSE,TRUE,80,1352,34
1507,GÖRELE,FALSE,TRUE,90,1361,34
1508,GÜCE,FALSE,TRUE,100,1930,34
1509,KEŞAP,FALSE,TRUE,110,1465,34
1510,PİRAZİZ,FALSE,TRUE,120,1837,34
1511,ŞEBİNKARAHİSAR,FALSE,TRUE,130,1654,34
1512,TİREBOLU,FALSE,TRUE,140,1678,34
1513,YAĞLIDERE,FALSE,TRUE,150,1854,34
1514,MERKEZ,FALSE,TRUE,10,1369,35
1515,KELKİT,FALSE,TRUE,10,1458,35
1516,KÖSE,FALSE,TRUE,20,1822,35
1517,KÜRTÜN,FALSE,TRUE,30,1971,35
1518,ŞİRAN,FALSE,TRUE,40,1660,35
1519,TORUL,FALSE,TRUE,50,1684,35
1520,ÇUKURCA,FALSE,TRUE,10,1261,36
1521,MERKEZ,FALSE,TRUE,10,1377,36
1522,ŞEMDİNLİ,FALSE,TRUE,20,1656,36
1523,YÜKSEKOVA,FALSE,TRUE,30,1737,36
1524,ALTINÖZÜ,FALSE,TRUE,10,1131,37
1525,BELEN,FALSE,TRUE,10,1887,37
1526,DÖRTYOL,FALSE,TRUE,20,1289,37
1527,ERZİN,FALSE,TRUE,30,1792,37
1528,HASSA,FALSE,TRUE,40,1382,37
1529,MERKEZ,FALSE,TRUE,50,1383,37
1530,İSKENDERUN,FALSE,TRUE,60,1413,37
1531,KIRIKHAN,FALSE,TRUE,70,1468,37
1532,KUMLU,FALSE,TRUE,80,1970,37
1533,REYHANLI,FALSE,TRUE,90,1585,37
1534,SAMANDAĞ,FALSE,TRUE,100,1591,37
1535,YAYLADAĞI,FALSE,TRUE,110,1721,37
1536,ARALIK,FALSE,TRUE,10,1142,38
1537,MERKEZ,FALSE,TRUE,10,1398,38
1538,KARAKOYUNLU,FALSE,TRUE,20,2011,38
1539,TUZLUCA,FALSE,TRUE,30,1692,38
1540,AKSU,FALSE,TRUE,10,1755,39
1541,ATABEY,FALSE,TRUE,10,1154,39
1542,EĞİRDİR,FALSE,TRUE,20,1297,39
1543,GELENDOST,FALSE,TRUE,30,1341,39
1544,GÖNEN,FALSE,TRUE,40,1929,39
1545,MERKEZ,FALSE,TRUE,50,1401,39
1546,KEÇİBORLU,FALSE,TRUE,60,1456,39
1547,SENİRKENT,FALSE,TRUE,70,1615,39
1548,SÜTÇÜLER,FALSE,TRUE,80,1648,39
1549,ŞARKİKARAAĞAÇ,FALSE,TRUE,90,1651,39
1550,ULUBORLU,FALSE,TRUE,100,1699,39
1551,YALVAÇ,FALSE,TRUE,110,1717,39
1552,YENİŞARBADEMLİ,FALSE,TRUE,120,2001,39
1553,ADALAR,FALSE,TRUE,10,1103,40
1554,ARNAVUTKÖY,FALSE,TRUE,10,2048,40
1555,ATAŞEHİR,FALSE,TRUE,20,2049,40
1556,AVCILAR,FALSE,TRUE,30,2003,40
1557,BAĞCILAR,FALSE,TRUE,40,2004,40
1558,BAHÇELİEVLER,FALSE,TRUE,50,2005,40
1559,BAKIRKÖY,FALSE,TRUE,60,1166,40
1560,BAŞAKŞEHİR,FALSE,TRUE,70,2050,40
1561,BAYRAMPAŞA,FALSE,TRUE,80,1886,40
1562,BEŞİKTAŞ,FALSE,TRUE,90,1183,40
1563,BEYKOZ,FALSE,TRUE,100,1185,40
1564,BEYLİKDÜZÜ,FALSE,TRUE,110,2051,40
1565,BEYOĞLU,FALSE,TRUE,120,1186,40
1566,BÜYÜKÇEKMECE,FALSE,TRUE,130,1782,40
1567,ÇATALCA,FALSE,TRUE,140,1237,40
1568,ÇEKMEKÖY,FALSE,TRUE,150,2052,40
1569,EMİNÖNÜ,FALSE,TRUE,160,1305,40
1570,ESENLER,FALSE,TRUE,170,2016,40
1571,ESENYURT,FALSE,TRUE,180,2053,40
1572,EYÜP,FALSE,TRUE,190,1325,40
1573,FATİH,FALSE,TRUE,200,1327,40
1574,GAZİOSMANPAŞA,FALSE,TRUE,210,1336,40
1575,GÜNGÖREN,FALSE,TRUE,220,2010,40
1576,KADIKÖY,FALSE,TRUE,230,1421,40
1577,KAĞITHANE,FALSE,TRUE,240,1810,40
1578,KARTAL,FALSE,TRUE,250,1449,40
1579,KÜÇÜKÇEKMECE,FALSE,TRUE,260,1823,40
1580,MALTEPE,FALSE,TRUE,270,2012,40
1581,PENDİK,FALSE,TRUE,280,1835,40
1582,SANCAKTEPE,FALSE,TRUE,290,2054,40
1583,SARIYER,FALSE,TRUE,300,1604,40
1584,SİLİVRİ,FALSE,TRUE,310,1622,40
1585,SULTANBEYLİ,FALSE,TRUE,320,2014,40
1586,SULTANGAZİ,FALSE,TRUE,330,2055,40
1587,ŞİLE,FALSE,TRUE,340,1659,40
1588,ŞİŞLİ,FALSE,TRUE,350,1663,40
1589,TUZLA,FALSE,TRUE,360,2015,40
1590,ÜMRANİYE,FALSE,TRUE,370,1852,40
1591,ÜSKÜDAR,FALSE,TRUE,380,1708,40
1592,ZEYTİNBURNU,FALSE,TRUE,390,1739,40
1593,ALİAĞA,FALSE,TRUE,10,1128,41
1594,BALÇOVA,FALSE,TRUE,10,2006,41
1595,BAYINDIR,FALSE,TRUE,20,1178,41
1596,BAYRAKLI,FALSE,TRUE,30,2056,41
1597,BERGAMA,FALSE,TRUE,40,1181,41
1598,BEYDAĞ,FALSE,TRUE,50,1776,41
1599,BORNOVA,FALSE,TRUE,60,1203,41
1600,BUCA,FALSE,TRUE,70,1780,41
1601,ÇEŞME,FALSE,TRUE,80,1251,41
1602,ÇİĞLİ,FALSE,TRUE,90,2007,41
1603,DİKİLİ,FALSE,TRUE,100,1280,41
1604,FOÇA,FALSE,TRUE,110,1334,41
1605,GAZİEMİR,FALSE,TRUE,120,2009,41
1606,GÜZELBAHÇE,FALSE,TRUE,130,2018,41
1607,KARABAĞLAR,FALSE,TRUE,140,2057,41
1608,KARABURUN,FALSE,TRUE,150,1432,41
1609,KARŞIYAKA,FALSE,TRUE,160,1448,41
1610,KEMALPAŞA,FALSE,TRUE,170,1461,41
1611,KINIK,FALSE,TRUE,180,1467,41
1612,KİRAZ,FALSE,TRUE,190,1477,41
1613,KONAK,FALSE,TRUE,200,1819,41
1614,MENDERES,FALSE,TRUE,210,1826,41
1615,MENEMEN,FALSE,TRUE,220,1521,41
1616,NARLIDERE,FALSE,TRUE,230,2013,41
1617,ÖDEMİŞ,FALSE,TRUE,240,1563,41
1618,SEFERİHİSAR,FALSE,TRUE,250,1611,41
1619,SELÇUK,FALSE,TRUE,260,1612,41
1620,TİRE,FALSE,TRUE,270,1677,41
1621,TORBALI,FALSE,TRUE,280,1682,41
1622,URLA,FALSE,TRUE,290,1703,41
1623,AFŞİN,FALSE,TRUE,10,1107,42
1624,ANDIRIN,FALSE,TRUE,10,1136,42
1625,ÇAĞLIYANCERİT,FALSE,TRUE,20,1785,42
1626,EKİNÖZÜ,FALSE,TRUE,30,1919,42
1627,ELBİSTAN,FALSE,TRUE,40,1299,42
1628,GÖKSUN,FALSE,TRUE,50,1353,42
1629,MERKEZ,FALSE,TRUE,60,1515,42
1630,NURHAK,FALSE,TRUE,70,1975,42
1631,PAZARCIK,FALSE,TRUE,80,1570,42
1632,TÜRKOĞLU,FALSE,TRUE,90,1694,42
1633,EFLANİ,FALSE,TRUE,10,1296,43
1634,ESKİPAZAR,FALSE,TRUE,10,1321,43
1635,MERKEZ,FALSE,TRUE,20,1433,43
1636,OVACIK,FALSE,TRUE,30,1561,43
1637,SAFRANBOLU,FALSE,TRUE,40,1587,43
1638,YENİCE,FALSE,TRUE,50,1856,43
1639,AYRANCI,FALSE,TRUE,10,1768,44
1640,BAŞYAYLA,FALSE,TRUE,10,1884,44
1641,ERMENEK,FALSE,TRUE,20,1316,44
1642,MERKEZ,FALSE,TRUE,30,1439,44
1643,KAZIMKARABEKİR,FALSE,TRUE,40,1862,44
1644,SARIVELİLER,FALSE,TRUE,50,1983,44
1645,AKYAKA,FALSE,TRUE,10,1756,45
1646,ARPAÇAY,FALSE,TRUE,10,1149,45
1647,DİGOR,FALSE,TRUE,20,1279,45
1648,KAĞIZMAN,FALSE,TRUE,30,1424,45
1649,MERKEZ,FALSE,TRUE,40,1447,45
1650,SARIKAMIŞ,FALSE,TRUE,50,1601,45
1651,SELİM,FALSE,TRUE,60,1614,45
1652,SUSUZ,FALSE,TRUE,70,1645,45
1653,ABANA,FALSE,TRUE,10,1101,46
1654,AĞLI,FALSE,TRUE,10,1867,46
1655,ARAÇ,FALSE,TRUE,20,1140,46
1656,AZDAVAY,FALSE,TRUE,30,1162,46
1657,BOZKURT,FALSE,TRUE,40,1208,46
1658,CİDE,FALSE,TRUE,50,1221,46
1659,ÇATALZEYTİN,FALSE,TRUE,60,1238,46
1660,DADAY,FALSE,TRUE,70,1264,46
1661,DEVREKANİ,FALSE,TRUE,80,1277,46
1662,DOĞANYURT,FALSE,TRUE,90,1915,46
1663,HANÖNÜ,FALSE,TRUE,100,1940,46
1664,İHSANGAZİ,FALSE,TRUE,110,1805,46
1665,İNEBOLU,FALSE,TRUE,120,1410,46
1666,MERKEZ,FALSE,TRUE,130,1450,46
1667,KÜRE,FALSE,TRUE,140,1499,46
1668,PINARBAŞI,FALSE,TRUE,150,1836,46
1669,SEYDİLER,FALSE,TRUE,160,1984,46
1670,ŞENPAZAR,FALSE,TRUE,170,1845,46
1671,TAŞKÖPRÜ,FALSE,TRUE,180,1666,46
1672,TOSYA,FALSE,TRUE,190,1685,46
1673,AKKIŞLA,FALSE,TRUE,10,1752,47
1674,BÜNYAN,FALSE,TRUE,10,1218,47
1675,DEVELİ,FALSE,TRUE,20,1275,47
1676,FELAHİYE,FALSE,TRUE,30,1330,47
1677,HACILAR,FALSE,TRUE,40,1936,47
1678,İNCESU,FALSE,TRUE,50,1409,47
1679,KOCASİNAN,FALSE,TRUE,60,1863,47
1680,MELİKGAZİ,FALSE,TRUE,70,1864,47
1681,ÖZVATAN,FALSE,TRUE,80,1978,47
1682,PINARBAŞI,FALSE,TRUE,90,1576,47
1683,SARIOĞLAN,FALSE,TRUE,100,1603,47
1684,SARIZ,FALSE,TRUE,110,1605,47
1685,TALAS,FALSE,TRUE,120,1846,47
1686,TOMARZA,FALSE,TRUE,130,1680,47
1687,YAHYALI,FALSE,TRUE,140,1715,47
1688,YEŞİLHİSAR,FALSE,TRUE,150,1727,47
1689,BAHŞİLİ,FALSE,TRUE,10,1880,48
1690,BALIŞEYH,FALSE,TRUE,10,1882,48
1691,ÇELEBİ,FALSE,TRUE,20,1901,48
1692,DELİCE,FALSE,TRUE,30,1268,48
1693,KARAKEÇİLİ,FALSE,TRUE,40,1954,48
1694,KESKİN,FALSE,TRUE,50,1463,48
1695,MERKEZ,FALSE,TRUE,60,1469,48
1696,SULAKYURT,FALSE,TRUE,70,1638,48
1697,YAHŞİHAN,FALSE,TRUE,80,1992,48
1698,BABAESKİ,FALSE,TRUE,10,1163,49
1699,DEMİRKÖY,FALSE,TRUE,10,1270,49
1700,MERKEZ,FALSE,TRUE,20,1471,49
1701,KOFÇAZ,FALSE,TRUE,30,1480,49
1702,LÜLEBURGAZ,FALSE,TRUE,40,1505,49
1703,PEHLİVANKÖY,FALSE,TRUE,50,1572,49
1704,PINARHİSAR,FALSE,TRUE,60,1577,49
1705,VİZE,FALSE,TRUE,70,1714,49
1706,AKÇAKENT,FALSE,TRUE,10,1869,50
1707,AKPINAR,FALSE,TRUE,10,1754,50
1708,BOZTEPE,FALSE,TRUE,20,1890,50
1709,ÇİÇEKDAĞI,FALSE,TRUE,30,1254,50
1710,KAMAN,FALSE,TRUE,40,1429,50
1711,MERKEZ,FALSE,TRUE,50,1472,50
1712,MUCUR,FALSE,TRUE,60,1529,50
1713,ELBEYLİ,FALSE,TRUE,10,2023,51
1714,MERKEZ,FALSE,TRUE,10,1476,51
1715,MUSABEYLİ,FALSE,TRUE,20,2024,51
1716,POLATELİ,FALSE,TRUE,30,2025,51
1717,BAŞİSKELE,FALSE,TRUE,10,2058,52
1718,ÇAYIROVA,FALSE,TRUE,10,2059,52
1719,DARICA,FALSE,TRUE,20,2060,52
1720,DERİNCE,FALSE,TRUE,30,2030,52
1721,DİLOVASI,FALSE,TRUE,40,2061,52
1722,GEBZE,FALSE,TRUE,50,1338,52
1723,GÖLCÜK,FALSE,TRUE,60,1355,52
1724,İZMİT,FALSE,TRUE,70,2062,52
1725,KANDIRA,FALSE,TRUE,80,1430,52
1726,KARAMÜRSEL,FALSE,TRUE,90,1440,52
1727,KARTEPE,FALSE,TRUE,100,2063,52
1728,MERKEZ,FALSE,TRUE,110,1478,52
1729,KÖRFEZ,FALSE,TRUE,120,1821,52
1730,AHIRLI,FALSE,TRUE,10,1868,53
1731,AKÖREN,FALSE,TRUE,10,1753,53
1732,AKŞEHİR,FALSE,TRUE,20,1122,53
1733,ALTINEKİN,FALSE,TRUE,30,1760,53
1734,BEYŞEHİR,FALSE,TRUE,40,1188,53
1735,BOZKIR,FALSE,TRUE,50,1207,53
1736,CİHANBEYLİ,FALSE,TRUE,60,1222,53
1737,ÇELTİK,FALSE,TRUE,70,1902,53
1738,ÇUMRA,FALSE,TRUE,80,1262,53
1739,DERBENT,FALSE,TRUE,90,1907,53
1740,DEREBUCAK,FALSE,TRUE,100,1789,53
1741,DOĞANHİSAR,FALSE,TRUE,110,1285,53
1742,EMİRGAZİ,FALSE,TRUE,120,1920,53
1743,EREĞLİ,FALSE,TRUE,130,1312,53
1744,GÜNEYSINIR,FALSE,TRUE,140,1933,53
1745,HADİM,FALSE,TRUE,150,1375,53
1746,HALKAPINAR,FALSE,TRUE,160,1937,53
1747,HÜYÜK,FALSE,TRUE,170,1804,53
1748,ILGIN,FALSE,TRUE,180,1400,53
1749,KADINHANI,FALSE,TRUE,190,1422,53
1750,KARAPINAR,FALSE,TRUE,200,1441,53
1751,KARATAY,FALSE,TRUE,210,1814,53
1752,KULU,FALSE,TRUE,220,1491,53
1753,MERAM,FALSE,TRUE,230,1827,53
1754,SARAYÖNÜ,FALSE,TRUE,240,1598,53
1755,SELÇUKLU,FALSE,TRUE,250,1839,53
1756,SEYDİŞEHİR,FALSE,TRUE,260,1617,53
1757,TAŞKENT,FALSE,TRUE,270,1848,53
1758,TUZLUKÇU,FALSE,TRUE,280,1990,53
1759,YALIHÜYÜK,FALSE,TRUE,290,1994,53
1760,YUNAK,FALSE,TRUE,300,1735,53
1761,ALTINTAŞ,FALSE,TRUE,10,1132,54
1762,ASLANAPA,FALSE,TRUE,10,1764,54
1763,ÇAVDARHİSAR,FALSE,TRUE,20,1898,54
1764,DOMANİÇ,FALSE,TRUE,30,1288,54
1765,DUMLUPINAR,FALSE,TRUE,40,1790,54
1766,EMET,FALSE,TRUE,50,1304,54
1767,GEDİZ,FALSE,TRUE,60,1339,54
1768,HİSARCIK,FALSE,TRUE,70,1802,54
1769,MERKEZ,FALSE,TRUE,80,1500,54
1770,PAZARLAR,FALSE,TRUE,90,1979,54
1771,SİMAV,FALSE,TRUE,100,1625,54
1772,ŞAPHANE,FALSE,TRUE,110,1843,54
1773,TAVŞANLI,FALSE,TRUE,120,1671,54
1774,AKÇADAĞ,FALSE,TRUE,10,1114,55
1775,ARAPGİR,FALSE,TRUE,10,1143,55
1776,ARGUVAN,FALSE,TRUE,20,1148,55
1777,BATTALGAZİ,FALSE,TRUE,30,1772,55
1778,DARENDE,FALSE,TRUE,40,1265,55
1779,DOĞANŞEHİR,FALSE,TRUE,50,1286,55
1780,DOĞANYOL,FALSE,TRUE,60,1914,55
1781,HEKİMHAN,FALSE,TRUE,70,1390,55
1782,KALE,FALSE,TRUE,80,1953,55
1783,KULUNCAK,FALSE,TRUE,90,1969,55
1784,MERKEZ,FALSE,TRUE,100,1509,55
1785,PÜTÜRGE,FALSE,TRUE,110,1582,55
1786,YAZIHAN,FALSE,TRUE,120,1995,55
1787,YEŞİLYURT,FALSE,TRUE,130,1729,55
1788,AHMETLİ,FALSE,TRUE,10,1751,56
1789,AKHİSAR,FALSE,TRUE,10,1118,56
1790,ALAŞEHİR,FALSE,TRUE,20,1127,56
1791,DEMİRCİ,FALSE,TRUE,30,1269,56
1792,GÖLMARMARA,FALSE,TRUE,40,1793,56
1793,GÖRDES,FALSE,TRUE,50,1362,56
1794,KIRKAĞAÇ,FALSE,TRUE,60,1470,56
1795,KÖPRÜBAŞI,FALSE,TRUE,70,1965,56
1796,KULA,FALSE,TRUE,80,1489,56
1797,MERKEZ,FALSE,TRUE,90,1513,56
1798,SALİHLİ,FALSE,TRUE,100,1590,56
1799,SARIGÖL,FALSE,TRUE,110,1600,56
1800,SARUHANLI,FALSE,TRUE,120,1606,56
1801,SELENDİ,FALSE,TRUE,130,1613,56
1802,SOMA,FALSE,TRUE,140,1634,56
1803,TURGUTLU,FALSE,TRUE,150,1689,56
1804,DARGEÇİT,FALSE,TRUE,10,1787,57
1805,DERİK,FALSE,TRUE,10,1273,57
1806,KIZILTEPE,FALSE,TRUE,20,1474,57
1807,MERKEZ,FALSE,TRUE,30,1516,57
1808,MAZIDAĞI,FALSE,TRUE,40,1519,57
1809,MİDYAT,FALSE,TRUE,50,1526,57
1810,NUSAYBİN,FALSE,TRUE,60,1547,57
1811,ÖMERLİ,FALSE,TRUE,70,1564,57
1812,SAVUR,FALSE,TRUE,80,1609,57
1813,YEŞİLLİ,FALSE,TRUE,90,2002,57
1814,AKDENİZ,FALSE,TRUE,10,2064,58
1815,ANAMUR,FALSE,TRUE,10,1135,58
1816,AYDINCIK,FALSE,TRUE,20,1766,58
1817,BOZYAZI,FALSE,TRUE,30,1779,58
1818,ÇAMLIYAYLA,FALSE,TRUE,40,1892,58
1819,ERDEMLİ,FALSE,TRUE,50,1311,58
1820,GÜLNAR,FALSE,TRUE,60,1366,58
1821,MERKEZ,FALSE,TRUE,70,1402,58
1822,MEZİTLİ,FALSE,TRUE,80,2065,58
1823,MUT,FALSE,TRUE,90,1536,58
1824,SİLİFKE,FALSE,TRUE,100,1621,58
1825,TARSUS,FALSE,TRUE,110,1665,58
1826,TOROSLAR,FALSE,TRUE,120,2066,58
1827,YENİŞEHİR,FALSE,TRUE,130,2067,58
1828,BODRUM,FALSE,TRUE,10,1197,59
1829,DALAMAN,FALSE,TRUE,10,1742,59
1830,DATÇA,FALSE,TRUE,20,1266,59
1831,FETHİYE,FALSE,TRUE,30,1331,59
1832,KAVAKLIDERE,FALSE,TRUE,40,1958,59
1833,KÖYCEĞİZ,FALSE,TRUE,50,1488,59
1834,MARMARİS,FALSE,TRUE,60,1517,59
1835,MİLAS,FALSE,TRUE,70,1528,59
1836,MERKEZ,FALSE,TRUE,80,1532,59
1837,ORTACA,FALSE,TRUE,90,1831,59
1838,ULA,FALSE,TRUE,100,1695,59
1839,YATAĞAN,FALSE,TRUE,110,1719,59
1840,BULANIK,FALSE,TRUE,10,1213,60
1841,HASKÖY,FALSE,TRUE,10,1801,60
1842,KORKUT,FALSE,TRUE,20,1964,60
1843,MALAZGİRT,FALSE,TRUE,30,1510,60
1844,MERKEZ,FALSE,TRUE,40,1534,60
1845,VARTO,FALSE,TRUE,50,1711,60
1846,ACIGÖL,FALSE,TRUE,10,1749,61
1847,AVANOS,FALSE,TRUE,10,1155,61
1848,DERİNKUYU,FALSE,TRUE,20,1274,61
1849,GÜLŞEHİR,FALSE,TRUE,30,1367,61
1850,HACIBEKTAŞ,FALSE,TRUE,40,1374,61
1851,KOZAKLI,FALSE,TRUE,50,1485,61
1852,MERKEZ,FALSE,TRUE,60,1543,61
1853,ÜRGÜP,FALSE,TRUE,70,1707,61
1854,ALTUNHİSAR,FALSE,TRUE,10,1876,62
1855,BOR,FALSE,TRUE,10,1201,62
1856,ÇAMARDI,FALSE,TRUE,20,1225,62
1857,ÇİFTLİK,FALSE,TRUE,30,1904,62
1858,MERKEZ,FALSE,TRUE,40,1544,62
1859,ULUKIŞLA,FALSE,TRUE,50,1700,62
1860,AKKUŞ,FALSE,TRUE,10,1119,63
1861,AYBASTI,FALSE,TRUE,10,1158,63
1862,ÇAMAŞ,FALSE,TRUE,20,1891,63
1863,ÇATALPINAR,FALSE,TRUE,30,1897,63
1864,ÇAYBAŞI,FALSE,TRUE,40,1900,63
1865,FATSA,FALSE,TRUE,50,1328,63
1866,GÖLKÖY,FALSE,TRUE,60,1358,63
1867,GÜLYALI,FALSE,TRUE,70,1795,63
1868,GÜRGENTEPE,FALSE,TRUE,80,1797,63
1869,İKİZCE,FALSE,TRUE,90,1947,63
1870,KABADÜZ,FALSE,TRUE,100,1950,63
1871,KABATAŞ,FALSE,TRUE,110,1951,63
1872,KORGAN,FALSE,TRUE,120,1482,63
1873,KUMRU,FALSE,TRUE,130,1493,63
1874,MESUDİYE,FALSE,TRUE,140,1525,63
1875,MERKEZ,FALSE,TRUE,150,1552,63
1876,PERŞEMBE,FALSE,TRUE,160,1573,63
1877,ULUBEY,FALSE,TRUE,170,1696,63
1878,ÜNYE,FALSE,TRUE,180,1706,63
1879,BAHÇE,FALSE,TRUE,10,1165,64
1880,DÜZİÇİ,FALSE,TRUE,10,1743,64
1881,HASANBEYLİ,FALSE,TRUE,20,2027,64
1882,KADİRLİ,FALSE,TRUE,30,1423,64
1883,MERKEZ,FALSE,TRUE,40,1560,64
1884,SUMBAS,FALSE,TRUE,50,2028,64
1885,TOPRAKKALE,FALSE,TRUE,60,2029,64
1886,ARDEŞEN,FALSE,TRUE,10,1146,65
1887,ÇAMLIHEMŞİN,FALSE,TRUE,10,1228,65
1888,ÇAYELİ,FALSE,TRUE,20,1241,65
1889,DEREPAZARI,FALSE,TRUE,30,1908,65
1890,FINDIKLI,FALSE,TRUE,40,1332,65
1891,GÜNEYSU,FALSE,TRUE,50,1796,65
1892,HEMŞİN,FALSE,TRUE,60,1943,65
1893,İKİZDERE,FALSE,TRUE,70,1405,65
1894,İYİDERE,FALSE,TRUE,80,1949,65
1895,KALKANDERE,FALSE,TRUE,90,1428,65
1896,PAZAR,FALSE,TRUE,100,1569,65
1897,MERKEZ,FALSE,TRUE,110,1586,65
1898,ADAPAZARI,FALSE,TRUE,10,2068,66
1899,AKYAZI,FALSE,TRUE,10,1123,66
1900,ARİFİYE,FALSE,TRUE,20,2069,66
1901,ERENLER,FALSE,TRUE,30,2070,66
1902,FERİZLİ,FALSE,TRUE,40,1925,66
1903,GEYVE,FALSE,TRUE,50,1351,66
1904,HENDEK,FALSE,TRUE,60,1391,66
1905,KARAPÜRÇEK,FALSE,TRUE,70,1955,66
1906,KARASU,FALSE,TRUE,80,1442,66
1907,KAYNARCA,FALSE,TRUE,90,1453,66
1908,KOCAALİ,FALSE,TRUE,100,1818,66
1909,PAMUKOVA,FALSE,TRUE,110,1833,66
1910,MERKEZ,FALSE,TRUE,120,1589,66
1911,SAPANCA,FALSE,TRUE,130,1595,66
1912,SERDİVAN,FALSE,TRUE,140,2071,66
1913,SÖĞÜTLÜ,FALSE,TRUE,150,1986,66
1914,TARAKLI,FALSE,TRUE,160,1847,66
1915,ALAÇAM,FALSE,TRUE,10,1125,67
1916,ASARCIK,FALSE,TRUE,10,1763,67
1917,ATAKUM,FALSE,TRUE,20,2072,67
1918,AYVACIK,FALSE,TRUE,30,1879,67
1919,BAFRA,FALSE,TRUE,40,1164,67
1920,CANİK,FALSE,TRUE,50,2073,67
1921,ÇARŞAMBA,FALSE,TRUE,60,1234,67
1922,HAVZA,FALSE,TRUE,70,1386,67
1923,İLKADIM,FALSE,TRUE,80,2074,67
1924,KAVAK,FALSE,TRUE,90,1452,67
1925,LADİK,FALSE,TRUE,100,1501,67
1926,ONDOKUZMAYIS,FALSE,TRUE,110,1830,67
1927,SALIPAZARI,FALSE,TRUE,120,1838,67
1928,MERKEZ,FALSE,TRUE,130,1593,67
1929,TEKKEKÖY,FALSE,TRUE,140,1849,67
1930,TERME,FALSE,TRUE,150,1676,67
1931,VEZİRKÖPRÜ,FALSE,TRUE,160,1712,67
1932,YAKAKENT,FALSE,TRUE,170,1993,67
1933,AYDINLAR,FALSE,TRUE,10,1878,68
1934,BAYKAN,FALSE,TRUE,10,1179,68
1935,ERUH,FALSE,TRUE,20,1317,68
1936,KURTALAN,FALSE,TRUE,30,1495,68
1937,PERVARİ,FALSE,TRUE,40,1575,68
1938,MERKEZ,FALSE,TRUE,50,1620,68
1939,ŞİRVAN,FALSE,TRUE,60,1662,68
1940,AYANCIK,FALSE,TRUE,10,1156,69
1941,BOYABAT,FALSE,TRUE,10,1204,69
1942,DİKMEN,FALSE,TRUE,20,1910,69
1943,DURAĞAN,FALSE,TRUE,30,1290,69
1944,ERFELEK,FALSE,TRUE,40,1314,69
1945,GERZE,FALSE,TRUE,50,1349,69
1946,SARAYDÜZÜ,FALSE,TRUE,60,1981,69
1947,MERKEZ,FALSE,TRUE,70,1627,69
1948,TÜRKELİ,FALSE,TRUE,80,1693,69
1949,AKINCILAR,FALSE,TRUE,10,1870,70
1950,ALTINYAYLA,FALSE,TRUE,10,1875,70
1951,DİVRİĞİ,FALSE,TRUE,20,1282,70
1952,DOĞANŞAR,FALSE,TRUE,30,1913,70
1953,GEMEREK,FALSE,TRUE,40,1342,70
1954,GÖLOVA,FALSE,TRUE,50,1927,70
1955,GÜRÜN,FALSE,TRUE,60,1373,70
1956,HAFİK,FALSE,TRUE,70,1376,70
1957,İMRANLI,FALSE,TRUE,80,1407,70
1958,KANGAL,FALSE,TRUE,90,1431,70
1959,KOYULHİSAR,FALSE,TRUE,100,1484,70
1960,MERKEZ,FALSE,TRUE,110,1628,70
1961,SUŞEHRİ,FALSE,TRUE,120,1646,70
1962,ŞARKIŞLA,FALSE,TRUE,130,1650,70
1963,ULAŞ,FALSE,TRUE,140,1991,70
1964,YILDIZELİ,FALSE,TRUE,150,1731,70
1965,ZARA,FALSE,TRUE,160,1738,70
1966,AKÇAKALE,FALSE,TRUE,10,1115,71
1967,BİRECİK,FALSE,TRUE,10,1194,71
1968,BOZOVA,FALSE,TRUE,20,1209,71
1969,CEYLANPINAR,FALSE,TRUE,30,1220,71
1970,HALFETİ,FALSE,TRUE,40,1378,71
1971,HARRAN,FALSE,TRUE,50,1800,71
1972,HİLVAN,FALSE,TRUE,60,1393,71
1973,SİVEREK,FALSE,TRUE,70,1630,71
1974,SURUÇ,FALSE,TRUE,80,1643,71
1975,MERKEZ,FALSE,TRUE,90,1702,71
1976,VİRANŞEHİR,FALSE,TRUE,100,1713,71
1977,BEYTÜŞŞEBAP,FALSE,TRUE,10,1189,72
1978,CİZRE,FALSE,TRUE,10,1223,72
1979,GÜÇLÜKONAK,FALSE,TRUE,20,1931,72
1980,İDİL,FALSE,TRUE,30,1403,72
1981,SİLOPİ,FALSE,TRUE,40,1623,72
1982,MERKEZ,FALSE,TRUE,50,1661,72
1983,ULUDERE,FALSE,TRUE,60,1698,72
1984,ÇERKEZKÖY,FALSE,TRUE,10,1250,73
1985,ÇORLU,FALSE,TRUE,10,1258,73
1986,HAYRABOLU,FALSE,TRUE,20,1388,73
1987,MALKARA,FALSE,TRUE,30,1511,73
1988,MARMARAEREĞLİSİ,FALSE,TRUE,40,1825,73
1989,MURATLI,FALSE,TRUE,50,1538,73
1990,SARAY,FALSE,TRUE,60,1596,73
1991,ŞARKÖY,FALSE,TRUE,70,1652,73
1992,MERKEZ,FALSE,TRUE,80,1673,73
1993,ALMUS,FALSE,TRUE,10,1129,74
1994,ARTOVA,FALSE,TRUE,10,1151,74
1995,BAŞÇİFTLİK,FALSE,TRUE,20,1883,74
1996,ERBAA,FALSE,TRUE,30,1308,74
1997,NİKSAR,FALSE,TRUE,40,1545,74
1998,PAZAR,FALSE,TRUE,50,1834,74
1999,REŞADİYE,FALSE,TRUE,60,1584,74
2000,SULUSARAY,FALSE,TRUE,70,1987,74
2001,MERKEZ,FALSE,TRUE,80,1679,74
2002,TURHAL,FALSE,TRUE,90,1690,74
2003,YEŞİLYURT,FALSE,TRUE,100,1858,74
2004,ZİLE,FALSE,TRUE,110,1740,74
2005,AKÇAABAT,FALSE,TRUE,10,1113,75
2006,ARAKLI,FALSE,TRUE,10,1141,75
2007,ARSİN,FALSE,TRUE,20,1150,75
2008,BEŞİKDÜZÜ,FALSE,TRUE,30,1775,75
2009,ÇARŞIBAŞI,FALSE,TRUE,40,1896,75
2010,ÇAYKARA,FALSE,TRUE,50,1244,75
2011,DERNEKPAZARI,FALSE,TRUE,60,1909,75
2012,DÜZKÖY,FALSE,TRUE,70,1917,75
2013,HAYRAT,FALSE,TRUE,80,1942,75
2014,KÖPRÜBAŞI,FALSE,TRUE,90,1966,75
2015,MAÇKA,FALSE,TRUE,100,1507,75
2016,OF,FALSE,TRUE,110,1548,75
2017,SÜRMENE,FALSE,TRUE,120,1647,75
2018,ŞALPAZARI,FALSE,TRUE,130,1842,75
2019,TONYA,FALSE,TRUE,140,1681,75
2020,MERKEZ,FALSE,TRUE,150,1686,75
2021,VAKFIKEBİR,FALSE,TRUE,160,1709,75
2022,YOMRA,FALSE,TRUE,170,1732,75
2023,ÇEMİŞGEZEK,FALSE,TRUE,10,1247,76
2024,HOZAT,FALSE,TRUE,10,1397,76
2025,MAZGİRT,FALSE,TRUE,20,1518,76
2026,NAZIMİYE,FALSE,TRUE,30,1541,76
2027,OVACIK,FALSE,TRUE,40,1562,76
2028,PERTEK,FALSE,TRUE,50,1574,76
2029,PÜLÜMÜR,FALSE,TRUE,60,1581,76
2030,MERKEZ,FALSE,TRUE,70,1688,76
2031,BANAZ,FALSE,TRUE,10,1170,77
2032,EŞME,FALSE,TRUE,10,1323,77
2033,KARAHALLI,FALSE,TRUE,20,1436,77
2034,SİVASLI,FALSE,TRUE,30,1629,77
2035,ULUBEY,FALSE,TRUE,40,1697,77
2036,MERKEZ,FALSE,TRUE,50,1704,77
2037,BAHÇESARAY,FALSE,TRUE,10,1770,78
2038,BAŞKALE,FALSE,TRUE,10,1175,78
2039,ÇALDIRAN,FALSE,TRUE,20,1786,78
2040,ÇATAK,FALSE,TRUE,30,1236,78
2041,EDREMİT,FALSE,TRUE,40,1918,78
2042,ERCİŞ,FALSE,TRUE,50,1309,78
2043,GEVAŞ,FALSE,TRUE,60,1350,78
2044,GÜRPINAR,FALSE,TRUE,70,1372,78
2045,MURADİYE,FALSE,TRUE,80,1533,78
2046,ÖZALP,FALSE,TRUE,90,1565,78
2047,SARAY,FALSE,TRUE,100,1980,78
2048,MERKEZ,FALSE,TRUE,110,1710,78
2049,ALTINOVA,FALSE,TRUE,10,2019,79
2050,ARMUTLU,FALSE,TRUE,10,2020,79
2051,ÇINARCIK,FALSE,TRUE,20,2021,79
2052,ÇİFTLİKKÖY,FALSE,TRUE,30,2022,79
2053,TERMAL,FALSE,TRUE,40,2026,79
2054,MERKEZ,FALSE,TRUE,50,1716,79
2055,AKDAĞMADENİ,FALSE,TRUE,10,1117,80
2056,AYDINCIK,FALSE,TRUE,10,1877,80
2057,BOĞAZLIYAN,FALSE,TRUE,20,1198,80
2058,ÇANDIR,FALSE,TRUE,30,1895,80
2059,ÇAYIRALAN,FALSE,TRUE,40,1242,80
2060,ÇEKEREK,FALSE,TRUE,50,1245,80
2061,KADIŞEHRİ,FALSE,TRUE,60,1952,80
2062,SARAYKENT,FALSE,TRUE,70,1982,80
2063,SARIKAYA,FALSE,TRUE,80,1602,80
2064,SORGUN,FALSE,TRUE,90,1635,80
2065,ŞEFAATLİ,FALSE,TRUE,100,1655,80
2066,YENİFAKILI,FALSE,TRUE,110,1998,80
2067,YERKÖY,FALSE,TRUE,120,1726,80
2068,MERKEZ,FALSE,TRUE,130,1733,80
2069,ALAPLI,FALSE,TRUE,10,1758,81
2070,ÇAYCUMA,FALSE,TRUE,10,1240,81
2071,DEVREK,FALSE,TRUE,20,1276,81
2072,EREĞLİ,FALSE,TRUE,30,1313,81
2073,GÖKÇEBEY,FALSE,TRUE,40,1926,81
2074,MERKEZ,FALSE,TRUE,50,1741,81
2075,MERKEZ,FALSE,TRUE,10,2075,2
9999,BİLİNMİYOR,FALSE,TRUE,999,9999,99
